Data,Scoretype,Method,NWEEKS,r,fsval,Fold,TP,BFP,Sens,TP1,TP2,BFP1,BFP2,Sens1,Sens2
TT_T,2_1,A,2,0.22177730849024702,,1,0.3706896551724138,0.04956896551724138,0.3706896551724138,0.11637931034482758,0.625,0.04310344827586207,0.05603448275862069,0.11637931034482758,0.625
TT_T,2_1,A,2,0.21329003942600422,,2,0.3744075829383886,0.030805687203791468,0.3744075829383886,0.11848341232227488,0.6303317535545023,0.03317535545023697,0.02843601895734597,0.11848341232227488,0.6303317535545023
TT_T,2_1,A,2,0.21418057697742243,,3,0.3798076923076923,0.036057692307692304,0.3798076923076923,0.11057692307692307,0.6490384615384616,0.038461538461538464,0.03365384615384615,0.11057692307692307,0.6490384615384616
TT_T,2_1,A,2,0.2127512340370452,,4,0.4075829383886256,0.021327014218009477,0.4075829383886256,0.13744075829383887,0.6777251184834123,0.023696682464454975,0.018957345971563982,0.13744075829383887,0.6777251184834123
TT_T,2_1,A,2,0.21538271432721356,,5,0.3611111111111111,0.05092592592592592,0.3611111111111111,0.10185185185185185,0.6203703703703703,0.037037037037037035,0.06481481481481481,0.10185185185185185,0.6203703703703703
TT_T,2_1,A,3,0.3001123763358955,,1,0.3674480805538074,0.031043502202643174,0.3634361233480176,0.1277533039647577,0.6071428571428571,0.030837004405286344,0.03125,0.1277533039647577,0.5991189427312775
TT_T,2_1,A,3,0.2761854395647131,,2,0.3981241336135581,0.01663461968429996,0.3901869158878504,0.11682242990654206,0.6794258373205742,0.009345794392523364,0.023923444976076555,0.11682242990654206,0.6635514018691588
TT_T,2_1,A,3,0.265207191746758,,3,0.40298507462686567,0.01492537313432836,0.40298507462686567,0.13930348258706468,0.6666666666666666,0.004975124378109453,0.024875621890547265,0.13930348258706468,0.6666666666666666
TT_T,2_1,A,3,0.2992463565430923,,4,0.35336538461538464,0.02403846153846154,0.35336538461538464,0.09615384615384616,0.6105769230769231,0.019230769230769232,0.028846153846153848,0.09615384615384616,0.6105769230769231
TT_T,2_1,A,3,0.28998868990366333,,5,0.37441860465116283,0.044186046511627906,0.37441860465116283,0.13023255813953488,0.6186046511627907,0.03255813953488372,0.05581395348837209,0.13023255813953488,0.6186046511627907
TT_T,2_1,A,4,0.336506289915405,,1,0.3805281514698555,0.02238166417538615,0.37777777777777777,0.14222222222222222,0.6188340807174888,0.008888888888888889,0.03587443946188341,0.14222222222222222,0.6133333333333333
TT_T,2_1,A,4,0.3133299661502651,,2,0.40389305816135085,0.019441838649155725,0.3990384615384615,0.1346153846153846,0.6731707317073171,0.009615384615384616,0.02926829268292683,0.1346153846153846,0.6634615384615384
TT_T,2_1,A,4,0.30506192143548294,,3,0.3979591836734694,0.01020408163265306,0.3979591836734694,0.12244897959183673,0.673469387755102,0.00510204081632653,0.015306122448979591,0.12244897959183673,0.673469387755102
TT_T,2_1,A,4,0.3427334733197154,,4,0.361244019138756,0.014354066985645933,0.361244019138756,0.10526315789473684,0.6172248803827751,0.004784688995215311,0.023923444976076555,0.10526315789473684,0.6172248803827751
TT_T,2_1,A,4,0.33132783817686207,,5,0.3823219691983678,0.037514808477030405,0.3808411214953271,0.1308411214953271,0.6338028169014085,0.018691588785046728,0.056338028169014086,0.1308411214953271,0.6308411214953271
TT_T,2_1,A,5,0.3494373661862147,,1,0.4017857142857143,0.017857142857142856,0.4017857142857143,0.125,0.6785714285714286,0.008928571428571428,0.026785714285714284,0.125,0.6785714285714286
TT_T,2_1,A,5,0.3232603920086108,,2,0.3855210354266883,0.031094692640922742,0.3756345177664975,0.1218274111675127,0.6492146596858639,0.02030456852791878,0.041884816753926704,0.1218274111675127,0.6294416243654822
TT_T,2_1,A,5,0.34291702154647685,,3,0.41624365482233505,0.02284263959390863,0.41624365482233505,0.16751269035532995,0.6649746192893401,0.01015228426395939,0.03553299492385787,0.16751269035532995,0.6649746192893401
TT_T,2_1,A,5,0.35522680137996054,,4,0.3846153846153846,0.007211538461538462,0.3846153846153846,0.13942307692307693,0.6298076923076923,0.004807692307692308,0.009615384615384616,0.13942307692307693,0.6298076923076923
TT_T,2_1,A,5,0.3544199550566718,,5,0.3676144919833466,0.03300779519886615,0.36619718309859156,0.13145539906103287,0.6037735849056604,0.004694835680751174,0.06132075471698113,0.13145539906103287,0.6009389671361502
TT_T,2_1,A,6,0.35857114445275584,,1,0.4004524886877828,0.011312217194570135,0.4004524886877828,0.14027149321266968,0.6606334841628959,0.0,0.02262443438914027,0.14027149321266968,0.6606334841628959
TT_T,2_1,A,6,0.32762241425354044,,2,0.3741539329299559,0.028022766895703006,0.36934673366834175,0.11055276381909548,0.6377551020408163,0.005025125628140704,0.05102040816326531,0.11055276381909548,0.628140703517588
TT_T,2_1,A,6,0.36598777894773626,,3,0.41289549112556495,0.018341417704773454,0.40414507772020725,0.15025906735751296,0.675531914893617,0.02072538860103627,0.015957446808510637,0.15025906735751296,0.6580310880829016
TT_T,2_1,A,6,0.3574691315307973,,4,0.38834951456310685,0.009708737864077669,0.38834951456310685,0.13592233009708737,0.6407766990291263,0.0,0.019417475728155338,0.13592233009708737,0.6407766990291263
TT_T,2_1,A,6,0.3658414519359774,,5,0.3880329252849304,0.03639604146146991,0.3864734299516908,0.13043478260869565,0.6456310679611651,0.004830917874396135,0.06796116504854369,0.13043478260869565,0.642512077294686
TT_T,2_1,A,7,0.34235176912136445,,1,0.3778801843317972,0.027649769585253458,0.3778801843317972,0.1336405529953917,0.6221198156682027,0.013824884792626729,0.041474654377880185,0.1336405529953917,0.6221198156682027
TT_T,2_1,A,7,0.3562525171997004,,2,0.40741722857792256,0.017715988584993812,0.40049751243781095,0.11940298507462686,0.6954314720812182,0.004975124378109453,0.030456852791878174,0.11940298507462686,0.681592039800995
TT_T,2_1,A,7,0.37022280072916425,,3,0.3900523560209424,0.010471204188481676,0.3900523560209424,0.1256544502617801,0.6544502617801047,0.0,0.020942408376963352,0.1256544502617801,0.6544502617801047
TT_T,2_1,A,7,0.38239410657584183,,4,0.4010043808099156,0.013089005235602094,0.39285714285714285,0.16326530612244897,0.6387434554973822,0.0,0.02617801047120419,0.16326530612244897,0.6224489795918368
TT_T,2_1,A,7,0.37849436028591266,,5,0.3743961352657005,0.03140096618357488,0.3743961352657005,0.13526570048309178,0.6135265700483091,0.004830917874396135,0.057971014492753624,0.13526570048309178,0.6135265700483091
TT_T,2_1,A,8,0.3427429349797525,,1,0.386046511627907,0.023255813953488372,0.386046511627907,0.14883720930232558,0.6232558139534884,0.013953488372093023,0.03255813953488372,0.14883720930232558,0.6232558139534884
TT_T,2_1,A,8,0.3519513293540788,,2,0.4101068262747178,0.012639846453014116,0.40298507462686567,0.1044776119402985,0.7157360406091371,0.004975124378109453,0.02030456852791878,0.1044776119402985,0.7014925373134329
TT_T,2_1,A,8,0.37944462622415287,,3,0.4054054054054054,0.010810810810810811,0.4054054054054054,0.14594594594594595,0.6648648648648648,0.0,0.021621621621621623,0.14594594594594595,0.6648648648648648
TT_T,2_1,A,8,0.38536296794199243,,4,0.38440244368079424,0.021027655048273603,0.37628865979381443,0.13917525773195877,0.6296296296296297,0.010309278350515464,0.031746031746031744,0.13917525773195877,0.6134020618556701
TT_T,2_1,A,8,0.391899521877937,,5,0.3694581280788177,0.034482758620689655,0.3694581280788177,0.15270935960591134,0.5862068965517241,0.0049261083743842365,0.06403940886699508,0.15270935960591134,0.5862068965517241
TT_T,2_1,A,9,0.3824965293332244,,1,0.38482134718804123,0.00966183574879227,0.37735849056603776,0.13679245283018868,0.6328502415458938,0.0,0.01932367149758454,0.13679245283018868,0.6179245283018868
TT_T,2_1,A,9,0.361058710905503,,2,0.4066905112560488,0.023116978750262994,0.4030612244897959,0.10204081632653061,0.711340206185567,0.015306122448979591,0.030927835051546393,0.10204081632653061,0.7040816326530612
TT_T,2_1,A,9,0.3652688071413335,,3,0.39037433155080214,0.016042780748663103,0.39037433155080214,0.1443850267379679,0.6363636363636364,0.0,0.03208556149732621,0.1443850267379679,0.6363636363636364
TT_T,2_1,A,9,0.400792203899898,,4,0.3790322580645161,0.013440860215053764,0.3790322580645161,0.12365591397849462,0.6344086021505376,0.0,0.026881720430107527,0.12365591397849462,0.6344086021505376
TT_T,2_1,A,9,0.3786721736231089,,5,0.3694581280788177,0.034482758620689655,0.3694581280788177,0.13793103448275862,0.6009852216748769,0.009852216748768473,0.059113300492610835,0.13793103448275862,0.6009852216748769
TT_T,2_1,A,10,0.3833024410308722,,1,0.37373737373737376,0.005050505050505051,0.37373737373737376,0.10101010101010101,0.6464646464646465,0.0,0.010101010101010102,0.10101010101010101,0.6464646464646465
TT_T,2_1,A,10,0.3386190381491858,,2,0.43697356184402814,0.033652185465656966,0.4333333333333333,0.1641025641025641,0.7098445595854922,0.005128205128205128,0.06217616580310881,0.1641025641025641,0.7025641025641025
TT_T,2_1,A,10,0.3999624324608194,,3,0.40075075075075073,0.013813813813813814,0.3918918918918919,0.14594594594594595,0.6555555555555556,0.005405405405405406,0.022222222222222223,0.14594594594594595,0.6378378378378379
TT_T,2_1,A,10,0.39606851606770466,,4,0.3888888888888889,0.013227513227513227,0.3888888888888889,0.15873015873015872,0.6190476190476191,0.0,0.026455026455026454,0.15873015873015872,0.6190476190476191
TT_T,2_1,A,10,0.3904333388861415,,5,0.3700980392156863,0.029411764705882353,0.3700980392156863,0.10784313725490197,0.6323529411764706,0.004901960784313725,0.05392156862745098,0.10784313725490197,0.6323529411764706
TT_T,2_1,A,11,0.3386877737612839,,1,0.4213197969543147,0.015228426395939087,0.4213197969543147,0.13705583756345177,0.7055837563451777,0.0,0.030456852791878174,0.13705583756345177,0.7055837563451777
TT_T,2_1,A,11,0.412823126124504,,2,0.3856498050317825,0.02849740932642487,0.384020618556701,0.13917525773195877,0.6321243523316062,0.0,0.05699481865284974,0.13917525773195877,0.6288659793814433
TT_T,2_1,A,11,0.37786069042910087,,3,0.40713383838383843,0.002840909090909091,0.4,0.17222222222222222,0.6420454545454546,0.0,0.005681818181818182,0.17222222222222222,0.6277777777777778
TT_T,2_1,A,11,0.39585574025303516,,4,0.4005235602094241,0.015706806282722512,0.4005235602094241,0.14136125654450263,0.6596858638743456,0.005235602094240838,0.02617801047120419,0.14136125654450263,0.6596858638743456
TT_T,2_1,A,11,0.3967468527102227,,5,0.3852040816326531,0.02806122448979592,0.3852040816326531,0.12755102040816327,0.6428571428571429,0.01020408163265306,0.04591836734693878,0.12755102040816327,0.6428571428571429
TT_T,2_1,A,12,0.3523095303751319,,1,0.4039408866995074,0.019704433497536946,0.4039408866995074,0.12315270935960591,0.6847290640394089,0.0,0.03940886699507389,0.12315270935960591,0.6847290640394089
TT_T,2_1,A,12,0.39226826971023765,,2,0.4280165411312952,0.013631664451336583,0.4243243243243243,0.17297297297297298,0.6830601092896175,0.005405405405405406,0.02185792349726776,0.17297297297297298,0.6756756756756757
TT_T,2_1,A,12,0.39296487730256124,,3,0.38505747126436785,0.011494252873563218,0.38505747126436785,0.13793103448275862,0.632183908045977,0.0,0.022988505747126436,0.13793103448275862,0.632183908045977
TT_T,2_1,A,12,0.4114018209322262,,4,0.40951695363460067,0.019083857319151437,0.40106951871657753,0.18716577540106952,0.6318681318681318,0.0106951871657754,0.027472527472527472,0.18716577540106952,0.6149732620320856
TT_T,2_1,A,12,0.40174283499944763,,5,0.38010204081632654,0.025510204081632654,0.38010204081632654,0.12755102040816327,0.6326530612244898,0.00510204081632653,0.04591836734693878,0.12755102040816327,0.6326530612244898
TT_T,3_1,A,2,0.19610730164408008,,1,0.3620689655172414,0.03879310344827586,0.3620689655172414,0.10775862068965517,0.6163793103448276,0.04310344827586207,0.034482758620689655,0.10775862068965517,0.6163793103448276
TT_T,3_1,A,2,0.19246570102026928,,2,0.3483412322274882,0.047393364928909956,0.3496840442338073,0.13270142180094788,0.5639810426540285,0.04265402843601896,0.052132701421800945,0.13270142180094788,0.5666666666666667
TT_T,3_1,A,2,0.18982802320642445,,3,0.34375,0.038461538461538464,0.34375,0.12980769230769232,0.5576923076923077,0.038461538461538464,0.038461538461538464,0.12980769230769232,0.5576923076923077
TT_T,3_1,A,2,0.19723277456476962,,4,0.3415143308508238,0.04276686978108779,0.3412322274881517,0.11904761904761904,0.5639810426540285,0.047619047619047616,0.037914691943127965,0.11848341232227488,0.5639810426540285
TT_T,3_1,A,2,0.19058977856534776,,5,0.36574074074074076,0.048611111111111105,0.36574074074074076,0.1527777777777778,0.5787037037037037,0.041666666666666664,0.05555555555555555,0.1527777777777778,0.5787037037037037
TT_T,3_1,A,3,0.2738851310213358,,1,0.3660009789525208,0.03323543808125306,0.3647128766909672,0.14977973568281938,0.5822222222222222,0.022026431718061675,0.044444444444444446,0.14977973568281938,0.5796460176991151
TT_T,3_1,A,3,0.25137788240215364,,2,0.391388518024032,0.01653315531820205,0.38551401869158874,0.1542056074766355,0.6285714285714286,0.014018691588785047,0.01904761904761905,0.1542056074766355,0.616822429906542
TT_T,3_1,A,3,0.24204105048181423,,3,0.3756218905472637,0.02487562189054726,0.3756218905472637,0.14925373134328357,0.6019900497512438,0.01990049751243781,0.029850746268656716,0.14925373134328357,0.6019900497512438
TT_T,3_1,A,3,0.27835377408281503,,4,0.3581730769230769,0.021634615384615384,0.3581730769230769,0.15384615384615385,0.5625,0.009615384615384616,0.03365384615384615,0.15384615384615385,0.5625
TT_T,3_1,A,3,0.2632276904545171,,5,0.37209302325581395,0.030232558139534883,0.37209302325581395,0.15813953488372093,0.586046511627907,0.013953488372093023,0.046511627906976744,0.15813953488372093,0.586046511627907
TT_T,3_1,A,4,0.30497103274105464,,1,0.364853014449427,0.020159441953163926,0.36353174603174604,0.13777777777777778,0.5919282511210763,0.0044444444444444444,0.03587443946188341,0.13777777777777778,0.5892857142857143
TT_T,3_1,A,4,0.2861993533908308,,2,0.38901266416510316,0.012124765478424015,0.3846153846153846,0.16826923076923078,0.6097560975609756,0.009615384615384616,0.014634146341463415,0.16826923076923078,0.6009615384615384
TT_T,3_1,A,4,0.27789865470035846,,3,0.3903061224489796,0.02040816326530612,0.3903061224489796,0.1836734693877551,0.5969387755102041,0.01020408163265306,0.030612244897959183,0.1836734693877551,0.5969387755102041
TT_T,3_1,A,4,0.31836121463495026,,4,0.3626587228560913,0.026419304379830696,0.361244019138756,0.1339712918660287,0.5913461538461539,0.009569377990430622,0.04326923076923077,0.1339712918660287,0.5885167464114832
TT_T,3_1,A,4,0.30542785725802,,5,0.3494690886753543,0.03048352419814839,0.3481308411214953,0.1261682242990654,0.5727699530516432,0.014018691588785047,0.046948356807511735,0.1261682242990654,0.5700934579439252
TT_T,3_1,A,5,0.31569563415112045,,1,0.3839285714285714,0.022321428571428572,0.3839285714285714,0.13392857142857142,0.6339285714285714,0.004464285714285714,0.04017857142857143,0.13392857142857142,0.6339285714285714
TT_T,3_1,A,5,0.2971698001541061,,2,0.3765024591673023,0.028339601799005812,0.372021651300114,0.16751269035532995,0.5854922279792746,0.015228426395939087,0.04145077720207254,0.16751269035532995,0.576530612244898
TT_T,3_1,A,5,0.3103974595245951,,3,0.3959390862944162,0.017766497461928935,0.3959390862944162,0.17766497461928935,0.6142131979695431,0.005076142131979695,0.030456852791878174,0.17766497461928935,0.6142131979695431
TT_T,3_1,A,5,0.3255733910222056,,4,0.39182692307692313,0.014423076923076924,0.39182692307692313,0.16826923076923078,0.6153846153846154,0.004807692307692308,0.02403846153846154,0.16826923076923078,0.6153846153846154
TT_T,3_1,A,5,0.3246786039160726,,5,0.34976525821596244,0.02816901408450704,0.34976525821596244,0.14084507042253522,0.5586854460093896,0.009389671361502348,0.046948356807511735,0.14084507042253522,0.5586854460093896
TT_T,3_1,A,6,0.31864921451419725,,1,0.3914027149321267,0.011312217194570135,0.3914027149321267,0.1493212669683258,0.6334841628959276,0.0,0.02262443438914027,0.1493212669683258,0.6334841628959276
TT_T,3_1,A,6,0.3059088974399511,,2,0.3733693721130907,0.030277650880665957,0.3733693721130907,0.1457286432160804,0.601010101010101,0.010050251256281407,0.050505050505050504,0.1457286432160804,0.601010101010101
TT_T,3_1,A,6,0.32602662537005045,,3,0.3895605450009595,0.028936041889409764,0.38341968911917096,0.18652849740932642,0.5925925925925926,0.015544041450777202,0.042328042328042326,0.18652849740932642,0.5803108808290155
TT_T,3_1,A,6,0.3241751274525382,,4,0.37621359223300965,0.012135922330097085,0.37621359223300965,0.15048543689320387,0.6019417475728155,0.0048543689320388345,0.019417475728155338,0.15048543689320387,0.6019417475728155
TT_T,3_1,A,6,0.3323516830891863,,5,0.37824210871910324,0.031541672529431075,0.37681159420289856,0.1642512077294686,0.5922330097087378,0.004830917874396135,0.05825242718446602,0.1642512077294686,0.5893719806763285
TT_T,3_1,A,7,0.307989490830079,,1,0.36866359447004604,0.02534562211981567,0.36866359447004604,0.16589861751152074,0.5714285714285714,0.004608294930875576,0.04608294930875576,0.16589861751152074,0.5714285714285714
TT_T,3_1,A,7,0.319650770836976,,2,0.39552238805970147,0.022388059701492536,0.3970771144278607,0.1691542288557214,0.6218905472636815,0.004975124378109453,0.03980099502487562,0.1691542288557214,0.625
TT_T,3_1,A,7,0.33053034872682396,,3,0.38481675392670156,0.020942408376963352,0.38481675392670156,0.1518324607329843,0.6178010471204188,0.010471204188481676,0.031413612565445025,0.1518324607329843,0.6178010471204188
TT_T,3_1,A,7,0.3483655604216802,,4,0.381218112244898,0.015625,0.375,0.15306122448979592,0.609375,0.0,0.03125,0.15306122448979592,0.5969387755102041
TT_T,3_1,A,7,0.3442640030369051,,5,0.3526570048309179,0.021739130434782608,0.3526570048309179,0.14009661835748793,0.5652173913043478,0.0,0.043478260869565216,0.14009661835748793,0.5652173913043478
TT_T,3_1,A,8,0.3160021375128558,,1,0.38139534883720927,0.020930232558139535,0.38139534883720927,0.16279069767441862,0.6,0.004651162790697674,0.037209302325581395,0.16279069767441862,0.6
TT_T,3_1,A,8,0.31500473355491987,,2,0.414589552238806,0.01996268656716418,0.414589552238806,0.16417910447761194,0.665,0.014925373134328358,0.025,0.16417910447761194,0.665
TT_T,3_1,A,8,0.3408613656098739,,3,0.38378378378378375,0.021621621621621623,0.38378378378378375,0.15675675675675677,0.6108108108108108,0.010810810810810811,0.032432432432432434,0.15675675675675677,0.6108108108108108
TT_T,3_1,A,8,0.3501098311759463,,4,0.38406152839142527,0.013159330169639447,0.37628865979381443,0.16494845360824742,0.6031746031746031,0.005154639175257732,0.021164021164021163,0.16494845360824742,0.5876288659793815
TT_T,3_1,A,8,0.36375057391031274,,5,0.35714285714285715,0.034482758620689655,0.35714285714285715,0.16748768472906403,0.5467980295566502,0.0,0.06896551724137931,0.16748768472906403,0.5467980295566502
TT_T,3_1,A,9,0.3415252934635278,,1,0.40386017682982406,0.016851244189226143,0.3962264150943396,0.16037735849056603,0.6473429951690821,0.0047169811320754715,0.028985507246376812,0.16037735849056603,0.6320754716981132
TT_T,3_1,A,9,0.33108821631329644,,2,0.4088207447927624,0.01801493793393646,0.4072082679225536,0.18877551020408162,0.6288659793814433,0.00510204081632653,0.030927835051546393,0.18877551020408162,0.6256410256410256
TT_T,3_1,A,9,0.32868675152668614,,3,0.4117647058823529,0.0160427807486631,0.4117647058823529,0.21390374331550802,0.6096256684491979,0.0053475935828877,0.026737967914438502,0.21390374331550802,0.6096256684491979
TT_T,3_1,A,9,0.3662796653309871,,4,0.3655913978494624,0.016129032258064516,0.3655913978494624,0.15591397849462366,0.5752688172043011,0.0,0.03225806451612903,0.15591397849462366,0.5752688172043011
TT_T,3_1,A,9,0.3501612411888537,,5,0.3645320197044335,0.022167487684729065,0.3645320197044335,0.15763546798029557,0.5714285714285714,0.0049261083743842365,0.03940886699507389,0.15763546798029557,0.5714285714285714
TT_T,3_1,A,10,0.34792310938588933,,1,0.38636363636363635,0.017676767676767676,0.387940316874327,0.15151515151515152,0.6212121212121212,0.010101010101010102,0.025252525252525252,0.15151515151515152,0.6243654822335025
TT_T,3_1,A,10,0.31591868271485746,,2,0.4160090341437492,0.025880164740268368,0.41282051282051285,0.21025641025641026,0.6217616580310881,0.005128205128205128,0.046632124352331605,0.21025641025641026,0.6153846153846154
TT_T,3_1,A,10,0.3577315656334161,,3,0.3974474474474475,0.013813813813813814,0.3891891891891892,0.1837837837837838,0.6111111111111112,0.005405405405405406,0.022222222222222223,0.1837837837837838,0.5945945945945946
TT_T,3_1,A,10,0.36078377475197987,,4,0.37037037037037035,0.013227513227513227,0.37037037037037035,0.15873015873015872,0.582010582010582,0.0,0.026455026455026454,0.15873015873015872,0.582010582010582
TT_T,3_1,A,10,0.35397834055213706,,5,0.36764705882352944,0.02696078431372549,0.36764705882352944,0.14705882352941177,0.5882352941176471,0.0,0.05392156862745098,0.14705882352941177,0.5882352941176471
TT_T,3_1,A,11,0.30876412887801374,,1,0.41116751269035534,0.02030456852791878,0.41277323111985914,0.19289340101522842,0.6294416243654822,0.0,0.04060913705583756,0.19289340101522842,0.6326530612244898
TT_T,3_1,A,11,0.3660008885309105,,2,0.3897390463917526,0.02859213917525773,0.38659793814432986,0.17010309278350516,0.609375,0.010309278350515464,0.046875,0.17010309278350516,0.6030927835051546
TT_T,3_1,A,11,0.34306732414827834,,3,0.38162878787878785,0.008522727272727272,0.375,0.16666666666666666,0.5965909090909091,0.0,0.017045454545454544,0.16666666666666666,0.5833333333333334
TT_T,3_1,A,11,0.3612357280809906,,4,0.39267015706806285,0.013089005235602094,0.39267015706806285,0.16230366492146597,0.6230366492146597,0.005235602094240838,0.020942408376963352,0.16230366492146597,0.6230366492146597
TT_T,3_1,A,11,0.36292720299994796,,5,0.35969387755102045,0.025510204081632654,0.35969387755102045,0.15306122448979592,0.5663265306122449,0.0,0.05102040816326531,0.15306122448979592,0.5663265306122449
TT_T,3_1,A,12,0.32502353342630275,,1,0.37931034482758624,0.024630541871921183,0.38079793200994977,0.15763546798029557,0.6009852216748769,0.0049261083743842365,0.04433497536945813,0.15763546798029557,0.6039603960396039
TT_T,3_1,A,12,0.3528712098611031,,2,0.40897947127455325,0.010899424014178113,0.4054054054054054,0.15675675675675677,0.6612021857923497,0.005405405405405406,0.01639344262295082,0.15675675675675677,0.654054054054054
TT_T,3_1,A,12,0.3550361396730024,,3,0.3793103448275862,0.014367816091954023,0.3793103448275862,0.1724137931034483,0.5862068965517241,0.0,0.028735632183908046,0.1724137931034483,0.5862068965517241
TT_T,3_1,A,12,0.3720393608452377,,4,0.3765499206675677,0.01098901098901099,0.3689839572192513,0.18716577540106952,0.5659340659340659,0.0,0.02197802197802198,0.18716577540106952,0.5508021390374331
TT_T,3_1,A,12,0.36654087204717034,,5,0.3852040816326531,0.030612244897959183,0.3852040816326531,0.19387755102040816,0.576530612244898,0.00510204081632653,0.05612244897959184,0.19387755102040816,0.576530612244898
TT_T,2_2,A,2,0.22215302728926323,,1,0.375,0.05172413793103448,0.375,0.11637931034482758,0.6336206896551724,0.04741379310344827,0.05603448275862069,0.11637931034482758,0.6336206896551724
TT_T,2_2,A,2,0.21375473586516436,,2,0.37914691943127965,0.02843601895734597,0.37914691943127965,0.12322274881516587,0.6350710900473934,0.02843601895734597,0.02843601895734597,0.12322274881516587,0.6350710900473934
TT_T,2_2,A,2,0.2147280984416916,,3,0.375,0.03365384615384615,0.375,0.09615384615384616,0.6538461538461539,0.03365384615384615,0.03365384615384615,0.09615384615384616,0.6538461538461539
TT_T,2_2,A,2,0.2132309620564944,,4,0.4028436018957346,0.023696682464454975,0.4028436018957346,0.13744075829383887,0.6682464454976303,0.023696682464454975,0.023696682464454975,0.13744075829383887,0.6682464454976303
TT_T,2_2,A,2,0.2156005564865796,,5,0.36574074074074076,0.048611111111111105,0.36574074074074076,0.10185185185185185,0.6296296296296297,0.037037037037037035,0.06018518518518518,0.10185185185185185,0.6296296296296297
TT_T,2_2,A,3,0.30033976842936816,,1,0.36741858086847073,0.028840859030837003,0.3634361233480176,0.13215859030837004,0.6026785714285714,0.02643171806167401,0.03125,0.13215859030837004,0.5947136563876652
TT_T,2_2,A,3,0.27707729308575924,,2,0.3980682377140813,0.014298171086169119,0.3901869158878505,0.12149532710280374,0.6746411483253588,0.004672897196261682,0.023923444976076555,0.12149532710280374,0.6588785046728972
TT_T,2_2,A,3,0.2651980693693451,,3,0.40049751243781095,0.017412935323383085,0.40049751243781095,0.13432835820895522,0.6666666666666666,0.004975124378109453,0.029850746268656716,0.13432835820895522,0.6666666666666666
TT_T,2_2,A,3,0.3000005167179257,,4,0.3557692307692308,0.02403846153846154,0.3557692307692308,0.09615384615384616,0.6153846153846154,0.019230769230769232,0.028846153846153848,0.09615384615384616,0.6153846153846154
TT_T,2_2,A,3,0.290086573369456,,5,0.3790697674418605,0.044186046511627906,0.3790697674418605,0.13488372093023257,0.6232558139534884,0.03255813953488372,0.05581395348837209,0.13488372093023257,0.6232558139534884
TT_T,2_2,A,4,0.33696365782802207,,1,0.3783059292476333,0.026846038863976084,0.37555555555555553,0.13777777777777778,0.6188340807174888,0.013333333333333334,0.04035874439461883,0.13777777777777778,0.6133333333333333
TT_T,2_2,A,4,0.3142820840192708,,2,0.413578799249531,0.01703799249530957,0.40865384615384615,0.14423076923076922,0.6829268292682927,0.004807692307692308,0.02926829268292683,0.14423076923076922,0.6730769230769231
TT_T,2_2,A,4,0.3048156667399389,,3,0.3954081632653061,0.01020408163265306,0.3954081632653061,0.11734693877551021,0.673469387755102,0.00510204081632653,0.015306122448979591,0.11734693877551021,0.673469387755102
TT_T,2_2,A,4,0.3435411383304482,,4,0.3588516746411483,0.01674641148325359,0.3588516746411483,0.10526315789473684,0.6124401913875598,0.009569377990430622,0.023923444976076555,0.10526315789473684,0.6124401913875598
TT_T,2_2,A,4,0.33137587383401024,,5,0.3753016541617305,0.037514808477030405,0.37383177570093457,0.12149532710280374,0.6291079812206573,0.018691588785046728,0.056338028169014086,0.12149532710280374,0.6261682242990654
TT_T,2_2,A,5,0.350297475144977,,1,0.4017857142857143,0.020089285714285712,0.4017857142857143,0.125,0.6785714285714286,0.013392857142857142,0.026785714285714284,0.125,0.6785714285714286
TT_T,2_2,A,5,0.32343317648562064,,2,0.39321497860578836,0.028556621574932897,0.383248730964467,0.1319796954314721,0.6544502617801047,0.015228426395939087,0.041884816753926704,0.1319796954314721,0.6345177664974619
TT_T,2_2,A,5,0.3434839037960614,,3,0.416243654822335,0.02284263959390863,0.416243654822335,0.17258883248730963,0.6598984771573604,0.01015228426395939,0.03553299492385787,0.17258883248730963,0.6598984771573604
TT_T,2_2,A,5,0.3558820365403256,,4,0.39182692307692313,0.007211538461538462,0.39182692307692313,0.13942307692307693,0.6442307692307693,0.004807692307692308,0.009615384615384616,0.13942307692307693,0.6442307692307693
TT_T,2_2,A,5,0.3547135481552992,,5,0.36762556470900876,0.03536628576490389,0.3661971830985915,0.1267605633802817,0.6084905660377359,0.004694835680751174,0.0660377358490566,0.1267605633802817,0.6056338028169014
TT_T,2_2,A,6,0.3593398640358393,,1,0.40045248868778277,0.018099547511312215,0.40045248868778277,0.13574660633484162,0.665158371040724,0.004524886877828055,0.03167420814479638,0.13574660633484162,0.665158371040724
TT_T,2_2,A,6,0.3275673528704298,,2,0.3766664957440262,0.025510204081632654,0.3718592964824121,0.11557788944723618,0.6377551020408163,0.0,0.05102040816326531,0.11557788944723618,0.628140703517588
TT_T,2_2,A,6,0.36663278445335123,,3,0.4155550655936501,0.018341417704773454,0.4067357512953368,0.15025906735751296,0.6808510638297872,0.02072538860103627,0.015957446808510637,0.15025906735751296,0.6632124352331606
TT_T,2_2,A,6,0.3583779906909066,,4,0.3932038834951457,0.007281553398058253,0.3932038834951457,0.1407766990291262,0.6456310679611651,0.0,0.014563106796116505,0.1407766990291262,0.6456310679611651
TT_T,2_2,A,6,0.3662128267222369,,5,0.3807630974156935,0.03639604146146991,0.37922705314009664,0.12560386473429952,0.6359223300970874,0.004830917874396135,0.06796116504854369,0.12560386473429952,0.6328502415458938
TT_T,2_2,A,7,0.3422071767245568,,1,0.3894009216589862,0.029953917050691246,0.3894009216589862,0.14285714285714285,0.6359447004608295,0.018433179723502304,0.041474654377880185,0.14285714285714285,0.6359447004608295
TT_T,2_2,A,7,0.35717872327619704,,2,0.40912783023657223,0.015306122448979591,0.40049751243781095,0.12437810945273632,0.6938775510204082,0.0,0.030612244897959183,0.12437810945273632,0.6766169154228856
TT_T,2_2,A,7,0.37146942607393285,,3,0.39528795811518325,0.010471204188481676,0.39528795811518325,0.1256544502617801,0.6649214659685864,0.0,0.020942408376963352,0.1256544502617801,0.6649214659685864
TT_T,2_2,A,7,0.3832914433152599,,4,0.40617320226519926,0.01832460732984293,0.3979591836734694,0.1683673469387755,0.643979057591623,0.0,0.03664921465968586,0.1683673469387755,0.6275510204081632
TT_T,2_2,A,7,0.3785801304832793,,5,0.3743961352657005,0.03140096618357488,0.3743961352657005,0.13526570048309178,0.6135265700483091,0.004830917874396135,0.057971014492753624,0.13526570048309178,0.6135265700483091
TT_T,2_2,A,8,0.34223870799880707,,1,0.3883720930232558,0.02558139534883721,0.3883720930232558,0.14418604651162792,0.6325581395348837,0.018604651162790697,0.03255813953488372,0.14418604651162792,0.6325581395348837
TT_T,2_2,A,8,0.3529687708421969,,2,0.4125438795868374,0.007614213197969543,0.40547263681592044,0.11442786069651742,0.7106598984771574,0.0,0.015228426395939087,0.11442786069651742,0.6965174129353234
TT_T,2_2,A,8,0.38038530847005847,,3,0.4027027027027027,0.010810810810810811,0.4027027027027027,0.13513513513513514,0.6702702702702703,0.0,0.021621621621621623,0.13513513513513514,0.6702702702702703
TT_T,2_2,A,8,0.38632968805319634,,4,0.3870479463262968,0.021027655048273603,0.3788659793814433,0.13917525773195877,0.6349206349206349,0.010309278350515464,0.031746031746031744,0.13917525773195877,0.6185567010309279
TT_T,2_2,A,8,0.3921354983022365,,5,0.3694581280788177,0.03694581280788177,0.3694581280788177,0.15270935960591134,0.5862068965517241,0.0049261083743842365,0.06896551724137931,0.15270935960591134,0.5862068965517241
TT_T,2_2,A,9,0.3835634641564274,,1,0.38965226506243733,0.012077294685990338,0.38207547169811323,0.13679245283018868,0.642512077294686,0.0,0.024154589371980676,0.13679245283018868,0.6273584905660378
TT_T,2_2,A,9,0.36114705620210363,,2,0.40924153166421207,0.020565958342099726,0.40561224489795916,0.10714285714285714,0.711340206185567,0.01020408163265306,0.030927835051546393,0.10714285714285714,0.7040816326530612
TT_T,2_2,A,9,0.36539917330758365,,3,0.39572192513368987,0.016042780748663103,0.39572192513368987,0.1443850267379679,0.6470588235294118,0.0,0.03208556149732621,0.1443850267379679,0.6470588235294118
TT_T,2_2,A,9,0.4016966278203915,,4,0.3790322580645161,0.013440860215053764,0.3790322580645161,0.12365591397849462,0.6344086021505376,0.0,0.026881720430107527,0.12365591397849462,0.6344086021505376
TT_T,2_2,A,9,0.37919148062092034,,5,0.36699507389162567,0.034482758620689655,0.36699507389162567,0.14285714285714285,0.5911330049261084,0.009852216748768473,0.059113300492610835,0.14285714285714285,0.5911330049261084
TT_T,2_2,A,10,0.3841445110756385,,1,0.3787878787878788,0.005050505050505051,0.3787878787878788,0.10101010101010101,0.6565656565656566,0.0,0.010101010101010102,0.10101010101010101,0.6565656565656566
TT_T,2_2,A,10,0.337956079423137,,2,0.4446924405473628,0.02849740932642487,0.441025641025641,0.17435897435897435,0.7150259067357513,0.0,0.05699481865284974,0.17435897435897435,0.7076923076923077
TT_T,2_2,A,10,0.400856515825153,,3,0.4008258258258258,0.013813813813813814,0.3918918918918919,0.14054054054054055,0.6611111111111111,0.005405405405405406,0.022222222222222223,0.14054054054054055,0.6432432432432432
TT_T,2_2,A,10,0.39714988703581244,,4,0.3862433862433863,0.013227513227513227,0.3862433862433863,0.15343915343915343,0.6190476190476191,0.0,0.026455026455026454,0.15343915343915343,0.6190476190476191
TT_T,2_2,A,10,0.39063612358946764,,5,0.375,0.029411764705882353,0.375,0.11764705882352941,0.6323529411764706,0.004901960784313725,0.05392156862745098,0.11764705882352941,0.6323529411764706
TT_T,2_2,A,11,0.33823882890182877,,1,0.416243654822335,0.015228426395939087,0.416243654822335,0.13705583756345177,0.6954314720812182,0.0,0.030456852791878174,0.13705583756345177,0.6954314720812182
TT_T,2_2,A,11,0.4137316005198498,,2,0.388240478606912,0.02849740932642487,0.38659793814432986,0.13917525773195877,0.6373056994818653,0.0,0.05699481865284974,0.13917525773195877,0.634020618556701
TT_T,2_2,A,11,0.37839525634416704,,3,0.40904761904761905,0.002857142857142857,0.39999999999999997,0.16666666666666666,0.6514285714285715,0.0,0.005714285714285714,0.16666666666666666,0.6333333333333333
TT_T,2_2,A,11,0.39733421456554596,,4,0.4083769633507853,0.015706806282722512,0.4083769633507853,0.14136125654450263,0.675392670157068,0.005235602094240838,0.02617801047120419,0.14136125654450263,0.675392670157068
TT_T,2_2,A,11,0.3970012026645152,,5,0.3877551020408163,0.02806122448979592,0.3877551020408163,0.12244897959183673,0.6530612244897959,0.01020408163265306,0.04591836734693878,0.12244897959183673,0.6530612244897959
TT_T,2_2,A,12,0.352005292391232,,1,0.4064039408866995,0.019704433497536946,0.4064039408866995,0.12315270935960591,0.6896551724137931,0.0,0.03940886699507389,0.12315270935960591,0.6896551724137931
TT_T,2_2,A,12,0.39322456247638204,,2,0.4280165411312952,0.01092896174863388,0.4243243243243243,0.17297297297297298,0.6830601092896175,0.0,0.02185792349726776,0.17297297297297298,0.6756756756756757
TT_T,2_2,A,12,0.3933663822495943,,3,0.382183908045977,0.011494252873563218,0.382183908045977,0.13218390804597702,0.632183908045977,0.0,0.022988505747126436,0.13218390804597702,0.632183908045977
TT_T,2_2,A,12,0.4124451588299084,,4,0.4085000147723579,0.019159748279020297,0.3983957219251337,0.18716577540106952,0.6298342541436464,0.0106951871657754,0.027624309392265192,0.18716577540106952,0.6096256684491979
TT_T,2_2,A,12,0.4019071067148562,,5,0.38265306122448983,0.025510204081632654,0.38265306122448983,0.1326530612244898,0.6326530612244898,0.00510204081632653,0.04591836734693878,0.1326530612244898,0.6326530612244898
TT_T,3_2,A,2,0.1936236479900444,,1,0.3685344827586207,0.040948275862068964,0.3685344827586207,0.11637931034482758,0.6206896551724138,0.04741379310344827,0.034482758620689655,0.11637931034482758,0.6206896551724138
TT_T,3_2,A,2,0.1899966735232228,,2,0.34834123222748814,0.04739336492890995,0.34963890769577977,0.15165876777251186,0.5450236966824644,0.04739336492890995,0.04739336492890995,0.15165876777251186,0.5476190476190477
TT_T,3_2,A,2,0.18668654880656244,,3,0.34134615384615385,0.040865384615384616,0.34134615384615385,0.1201923076923077,0.5625,0.04326923076923077,0.038461538461538464,0.1201923076923077,0.5625
TT_T,3_2,A,2,0.19465207439726084,,4,0.3533626720830512,0.03800496501918303,0.35308056872037913,0.11904761904761904,0.5876777251184834,0.0380952380952381,0.037914691943127965,0.11848341232227488,0.5876777251184834
TT_T,3_2,A,2,0.18885837042106757,,5,0.36574074074074076,0.046296296296296294,0.36574074074074076,0.1527777777777778,0.5787037037037037,0.037037037037037035,0.05555555555555555,0.1527777777777778,0.5787037037037037
TT_T,3_2,A,3,0.2714061055230709,,1,0.35717082721488,0.02877141458639256,0.3558925577950177,0.13656387665198239,0.5777777777777777,0.02643171806167401,0.03111111111111111,0.13656387665198239,0.5752212389380531
TT_T,3_2,A,3,0.2470057352623527,,2,0.40091232754784156,0.01653315531820205,0.3948598130841121,0.1542056074766355,0.6476190476190476,0.014018691588785047,0.01904761904761905,0.1542056074766355,0.6355140186915887
TT_T,3_2,A,3,0.24033721899983684,,3,0.3656716417910448,0.02487562189054726,0.3656716417910448,0.15422885572139303,0.5771144278606966,0.01990049751243781,0.029850746268656716,0.15422885572139303,0.5771144278606966
TT_T,3_2,A,3,0.274297097168575,,4,0.36538461538461536,0.019230769230769232,0.36538461538461536,0.15865384615384615,0.5721153846153846,0.009615384615384616,0.028846153846153848,0.15865384615384615,0.5721153846153846
TT_T,3_2,A,3,0.2615115033728923,,5,0.3674418604651163,0.03255813953488372,0.3674418604651163,0.16279069767441862,0.5720930232558139,0.013953488372093023,0.05116279069767442,0.16279069767441862,0.5720930232558139
TT_T,3_2,A,4,0.30154126517160307,,1,0.38495266567015446,0.02236173393124066,0.38358134920634923,0.15555555555555556,0.6143497757847534,0.013333333333333334,0.03139013452914798,0.15555555555555556,0.6116071428571429
TT_T,3_2,A,4,0.2815305732243465,,2,0.40605065666041273,0.012089587242026266,0.4014423076923077,0.17307692307692307,0.6390243902439025,0.014423076923076924,0.00975609756097561,0.17307692307692307,0.6298076923076923
TT_T,3_2,A,4,0.2771948081777089,,3,0.39540816326530615,0.022959183673469385,0.39540816326530615,0.1989795918367347,0.5918367346938775,0.015306122448979591,0.030612244897959183,0.1989795918367347,0.5918367346938775
TT_T,3_2,A,4,0.31420874696958856,,4,0.37225110415899887,0.026430806036069194,0.3708133971291866,0.14354066985645933,0.6009615384615384,0.004784688995215311,0.04807692307692308,0.14354066985645933,0.5980861244019139
TT_T,3_2,A,4,0.3038925223227855,,5,0.34949102715984376,0.028136106357772805,0.3481308411214953,0.11682242990654206,0.5821596244131455,0.014018691588785047,0.04225352112676056,0.11682242990654206,0.5794392523364486
TT_T,3_2,A,5,0.31070358176518564,,1,0.390625,0.020089285714285712,0.390625,0.13839285714285715,0.6428571428571429,0.004464285714285714,0.03571428571428571,0.13839285714285715,0.6428571428571429
TT_T,3_2,A,5,0.29530738046251626,,2,0.3916782830541017,0.028339601799005812,0.3872371283538796,0.20304568527918782,0.5803108808290155,0.015228426395939087,0.04145077720207254,0.20304568527918782,0.5714285714285714
TT_T,3_2,A,5,0.30697680921721426,,3,0.4035532994923858,0.017766497461928932,0.4035532994923858,0.18781725888324874,0.6192893401015228,0.01015228426395939,0.025380710659898477,0.18781725888324874,0.6192893401015228
TT_T,3_2,A,5,0.3219002512129657,,4,0.38942307692307687,0.01201923076923077,0.38942307692307687,0.17307692307692307,0.6057692307692307,0.004807692307692308,0.019230769230769232,0.17307692307692307,0.6057692307692307
TT_T,3_2,A,5,0.32208214582424155,,5,0.35915492957746475,0.02816901408450704,0.35915492957746475,0.13615023474178403,0.5821596244131455,0.009389671361502348,0.046948356807511735,0.13615023474178403,0.5821596244131455
TT_T,3_2,A,6,0.3140885801597345,,1,0.3914027149321267,0.011312217194570137,0.3914027149321267,0.1583710407239819,0.6244343891402715,0.004524886877828055,0.01809954751131222,0.1583710407239819,0.6244343891402715
TT_T,3_2,A,6,0.3053057100961567,,2,0.37939698492462315,0.02512562814070352,0.3808943708441196,0.1658291457286432,0.592964824120603,0.005025125628140704,0.04522613065326633,0.1658291457286432,0.5959595959595959
TT_T,3_2,A,6,0.3220726492771576,,3,0.3920415604353428,0.03158154453491241,0.38601036269430056,0.20207253886010362,0.582010582010582,0.015544041450777202,0.047619047619047616,0.20207253886010362,0.5699481865284974
TT_T,3_2,A,6,0.31967842868129537,,4,0.3907766990291262,0.012135922330097085,0.3907766990291262,0.1650485436893204,0.616504854368932,0.0048543689320388345,0.019417475728155338,0.1650485436893204,0.616504854368932
TT_T,3_2,A,6,0.3295574044321752,,5,0.3831316542376061,0.02911448806341166,0.38164251207729466,0.1497584541062802,0.616504854368932,0.004830917874396135,0.05339805825242718,0.1497584541062802,0.6135265700483091
TT_T,3_2,A,7,0.30735828595641357,,1,0.3847926267281106,0.018433179723502304,0.3847926267281106,0.17511520737327188,0.5944700460829493,0.004608294930875576,0.03225806451612903,0.17511520737327188,0.5944700460829493
TT_T,3_2,A,7,0.3148383323134778,,2,0.39800995024875624,0.022388059701492536,0.3995273631840796,0.1890547263681592,0.6069651741293532,0.004975124378109453,0.03980099502487562,0.1890547263681592,0.61
TT_T,3_2,A,7,0.3246917320198258,,3,0.38743455497382195,0.01832460732984293,0.38743455497382195,0.15706806282722513,0.6178010471204188,0.010471204188481676,0.02617801047120419,0.15706806282722513,0.6178010471204188
TT_T,3_2,A,7,0.3441028099556761,,4,0.39413265306122447,0.013020833333333334,0.3877551020408163,0.16326530612244897,0.625,0.0,0.026041666666666668,0.16326530612244897,0.6122448979591837
TT_T,3_2,A,7,0.3426888772370339,,5,0.3454106280193237,0.024154589371980676,0.3454106280193237,0.13043478260869565,0.5603864734299517,0.0,0.04830917874396135,0.13043478260869565,0.5603864734299517
TT_T,3_2,A,8,0.31686200468769443,,1,0.3883720930232558,0.01627906976744186,0.3883720930232558,0.17674418604651163,0.6,0.004651162790697674,0.027906976744186046,0.17674418604651163,0.6
TT_T,3_2,A,8,0.30957858107538516,,2,0.39800995024875624,0.01990049751243781,0.399589552238806,0.16417910447761194,0.6318407960199005,0.014925373134328358,0.024875621890547265,0.16417910447761194,0.635
TT_T,3_2,A,8,0.33597082820510527,,3,0.3891891891891892,0.016216216216216217,0.3891891891891892,0.16756756756756758,0.6108108108108108,0.005405405405405406,0.02702702702702703,0.16756756756756758,0.6108108108108108
TT_T,3_2,A,8,0.3454974554719321,,4,0.4073937707958326,0.007936507936507936,0.39948453608247425,0.20103092783505155,0.6137566137566137,0.0,0.015873015873015872,0.20103092783505155,0.5979381443298969
TT_T,3_2,A,8,0.3617225918070974,,5,0.35714285714285715,0.03694581280788178,0.35714285714285715,0.15270935960591134,0.5615763546798029,0.0,0.07389162561576355,0.15270935960591134,0.5615763546798029
TT_T,3_2,A,9,0.3356450531137205,,1,0.40706640058055155,0.01678156748911466,0.4009433962264151,0.1650943396226415,0.6490384615384616,0.0047169811320754715,0.028846153846153848,0.1650943396226415,0.6367924528301887
TT_T,3_2,A,9,0.329573375324998,,2,0.40363980643803915,0.01798863875447086,0.40206698063840923,0.19387755102040816,0.6134020618556701,0.01020408163265306,0.02577319587628866,0.19387755102040816,0.6102564102564103
TT_T,3_2,A,9,0.32631002096704453,,3,0.40641711229946526,0.013368983957219251,0.40641711229946526,0.22459893048128343,0.5882352941176471,0.0053475935828877,0.0213903743315508,0.22459893048128343,0.5882352941176471
TT_T,3_2,A,9,0.3618597920118639,,4,0.35752688172043007,0.016129032258064516,0.35752688172043007,0.15591397849462366,0.5591397849462365,0.0,0.03225806451612903,0.15591397849462366,0.5591397849462365
TT_T,3_2,A,9,0.34700337751753685,,5,0.36699507389162567,0.024630541871921183,0.36699507389162567,0.14285714285714285,0.5911330049261084,0.0049261083743842365,0.04433497536945813,0.14285714285714285,0.5911330049261084
TT_T,3_2,A,10,0.3428882882042027,,1,0.3712121212121212,0.017676767676767676,0.37272470901912524,0.14646464646464646,0.5959595959595959,0.010101010101010102,0.025252525252525252,0.14646464646464646,0.5989847715736041
TT_T,3_2,A,10,0.3171491861538298,,2,0.40815730038527964,0.02326292015411186,0.40512820512820513,0.22564102564102564,0.5906735751295337,0.010256410256410256,0.03626943005181347,0.22564102564102564,0.5846153846153846
TT_T,3_2,A,10,0.35256572777427675,,3,0.4039868597879648,0.01098999552038226,0.39729729729729735,0.1891891891891892,0.6187845303867403,0.005405405405405406,0.016574585635359115,0.1891891891891892,0.6054054054054054
TT_T,3_2,A,10,0.35567930490209965,,4,0.38095238095238093,0.015873015873015872,0.38095238095238093,0.164021164021164,0.5978835978835979,0.0,0.031746031746031744,0.164021164021164,0.5978835978835979
TT_T,3_2,A,10,0.35143223859580874,,5,0.38480392156862747,0.029411764705882353,0.38480392156862747,0.14705882352941177,0.6225490196078431,0.0,0.058823529411764705,0.14705882352941177,0.6225490196078431
TT_T,3_2,A,11,0.30871425420345744,,1,0.401015228426396,0.017766497461928935,0.40256914948720607,0.19289340101522842,0.6091370558375635,0.0,0.03553299492385787,0.19289340101522842,0.6122448979591837
TT_T,3_2,A,11,0.3607115741229685,,2,0.3897390463917526,0.031169458762886598,0.38659793814432986,0.17010309278350516,0.609375,0.015463917525773196,0.046875,0.17010309278350516,0.6030927835051546
TT_T,3_2,A,11,0.33949986042546787,,3,0.38143939393939397,0.008522727272727272,0.375,0.18333333333333332,0.5795454545454546,0.0,0.017045454545454544,0.18333333333333332,0.5666666666666667
TT_T,3_2,A,11,0.3544865829115661,,4,0.40052356020942403,0.013089005235602094,0.40052356020942403,0.16753926701570682,0.6335078534031413,0.005235602094240838,0.020942408376963352,0.16753926701570682,0.6335078534031413
TT_T,3_2,A,11,0.3605113369715781,,5,0.3673469387755102,0.025510204081632654,0.3673469387755102,0.14795918367346939,0.5867346938775511,0.0,0.05102040816326531,0.14795918367346939,0.5867346938775511
TT_T,3_2,A,12,0.32468782930002105,,1,0.38177339901477836,0.024630541871921183,0.38327317953470225,0.15763546798029557,0.6059113300492611,0.0049261083743842365,0.04433497536945813,0.15763546798029557,0.6089108910891089
TT_T,3_2,A,12,0.3477182369762388,,2,0.40072367449416635,0.008167183577019642,0.39729729729729735,0.16756756756756758,0.6338797814207651,0.005405405405405406,0.01092896174863388,0.16756756756756758,0.6270270270270271
TT_T,3_2,A,12,0.35169016000360276,,3,0.3735632183908046,0.011494252873563218,0.3735632183908046,0.16666666666666666,0.5804597701149425,0.0,0.022988505747126436,0.16666666666666666,0.5804597701149425
TT_T,3_2,A,12,0.3668098308334028,,4,0.39006581653640476,0.008241758241758242,0.3823529411764706,0.20320855614973263,0.5769230769230769,0.0,0.016483516483516484,0.20320855614973263,0.5614973262032086
TT_T,3_2,A,12,0.3643966472129435,,5,0.38010204081632654,0.030612244897959183,0.38010204081632654,0.1836734693877551,0.576530612244898,0.00510204081632653,0.05612244897959184,0.1836734693877551,0.576530612244898
TT_T,2_1,-26,2,0.20656224776436372,,1,0.3671328671328671,0.038461538461538464,0.3671328671328671,0.13286713286713286,0.6013986013986014,0.03496503496503497,0.04195804195804196,0.13286713286713286,0.6013986013986014
TT_T,2_1,-26,2,0.2190034651180599,,2,0.35906040268456374,0.02348993288590604,0.35906040268456374,0.10067114093959731,0.6174496644295302,0.026845637583892617,0.020134228187919462,0.10067114093959731,0.6174496644295302
TT_T,2_1,-26,2,0.2163518266277228,,3,0.3423076923076923,0.023076923076923078,0.3423076923076923,0.11538461538461539,0.5692307692307692,0.015384615384615385,0.03076923076923077,0.11538461538461539,0.5692307692307692
TT_T,2_1,-26,2,0.21377842454276086,,4,0.4027777777777778,0.03819444444444445,0.4027777777777778,0.1388888888888889,0.6666666666666666,0.034722222222222224,0.041666666666666664,0.1388888888888889,0.6666666666666666
TT_T,2_1,-26,2,0.2156129926700434,,5,0.34935897435897434,0.041666666666666664,0.34935897435897434,0.1346153846153846,0.5641025641025641,0.03205128205128205,0.05128205128205128,0.1346153846153846,0.5641025641025641
TT_T,2_1,-26,3,0.3128136618699723,,1,0.37323943661971826,0.014084507042253521,0.37323943661971826,0.1267605633802817,0.6197183098591549,0.014084507042253521,0.014084507042253521,0.1267605633802817,0.6197183098591549
TT_T,2_1,-26,3,0.257628023892124,,2,0.38184306569343063,0.014679046801202234,0.3795620437956204,0.1386861313868613,0.625,0.0072992700729927005,0.022058823529411766,0.1386861313868613,0.6204379562043796
TT_T,2_1,-26,3,0.2804517146027792,,3,0.39015151515151514,0.01893939393939394,0.39015151515151514,0.15151515151515152,0.6287878787878788,0.015151515151515152,0.022727272727272728,0.15151515151515152,0.6287878787878788
TT_T,2_1,-26,3,0.28938832323421493,,4,0.415631469979296,0.014389233954451346,0.4107142857142857,0.14285714285714285,0.6884057971014492,0.014285714285714285,0.014492753623188406,0.14285714285714285,0.6785714285714286
TT_T,2_1,-26,3,0.29082424160775,,5,0.36942675159235666,0.02229299363057325,0.36942675159235666,0.1592356687898089,0.5796178343949044,0.012738853503184714,0.03184713375796178,0.1592356687898089,0.5796178343949044
TT_T,2_1,-26,4,0.30042725726704167,,1,0.3769230769230769,0.015384615384615385,0.3769230769230769,0.13846153846153847,0.6153846153846154,0.007692307692307693,0.023076923076923078,0.13846153846153847,0.6153846153846154
TT_T,2_1,-26,4,0.344402993426725,,2,0.38489208633093525,0.01079136690647482,0.38489208633093525,0.12949640287769784,0.6402877697841727,0.007194244604316547,0.014388489208633094,0.12949640287769784,0.6402877697841727
TT_T,2_1,-26,4,0.3252653070977308,,3,0.3701944821347807,0.011307100859339666,0.3656716417910447,0.13432835820895522,0.6060606060606061,0.007462686567164179,0.015151515151515152,0.13432835820895522,0.5970149253731343
TT_T,2_1,-26,4,0.3295663214744403,,4,0.40942028985507245,0.018115942028985508,0.40942028985507245,0.15217391304347827,0.6666666666666666,0.014492753623188406,0.021739130434782608,0.15217391304347827,0.6666666666666666
TT_T,2_1,-26,4,0.3313698035926572,,5,0.3777304781561748,0.023026315789473683,0.3758169934640523,0.16993464052287582,0.5855263157894737,0.0,0.046052631578947366,0.16993464052287582,0.5816993464052288
TT_T,2_1,-26,5,0.3184273986229397,,1,0.3538461538461538,0.015384615384615385,0.3538461538461538,0.1,0.6076923076923076,0.015384615384615385,0.015384615384615385,0.1,0.6076923076923076
TT_T,2_1,-26,5,0.3640578956643028,,2,0.3897058823529412,0.007352941176470588,0.3897058823529412,0.11764705882352941,0.6617647058823529,0.007352941176470588,0.007352941176470588,0.11764705882352941,0.6617647058823529
TT_T,2_1,-26,5,0.342713919004498,,3,0.366412213740458,0.011450381679389313,0.366412213740458,0.13740458015267176,0.5954198473282443,0.007633587786259542,0.015267175572519083,0.13740458015267176,0.5954198473282443
TT_T,2_1,-26,5,0.34131339925067916,,4,0.42391304347826086,0.014492753623188406,0.42391304347826086,0.18115942028985507,0.6666666666666666,0.0,0.028985507246376812,0.18115942028985507,0.6666666666666666
TT_T,2_1,-26,5,0.34889785597329137,,5,0.38087323244852395,0.025179856115107913,0.3689655172413793,0.18620689655172415,0.5755395683453237,0.0,0.050359712230215826,0.18620689655172415,0.5517241379310345
TT_T,2_1,-26,6,0.3106337222199488,,1,0.3538461538461538,0.019230769230769232,0.3538461538461538,0.1076923076923077,0.6,0.015384615384615385,0.023076923076923078,0.1076923076923077,0.6
TT_T,2_1,-26,6,0.36604535496604373,,2,0.4007352941176471,0.007352941176470588,0.4007352941176471,0.11764705882352941,0.6838235294117647,0.007352941176470588,0.007352941176470588,0.11764705882352941,0.6838235294117647
TT_T,2_1,-26,6,0.3599948255600929,,3,0.3582677165354331,0.003937007874015748,0.3582677165354331,0.11811023622047244,0.5984251968503937,0.0,0.007874015748031496,0.11811023622047244,0.5984251968503937
TT_T,2_1,-26,6,0.3819905868773992,,4,0.41287878787878785,0.015151515151515152,0.41287878787878785,0.17424242424242425,0.6515151515151515,0.0,0.030303030303030304,0.17424242424242425,0.6515151515151515
TT_T,2_1,-26,6,0.3669750761078394,,5,0.3986350574712644,0.020833333333333332,0.39655172413793105,0.19310344827586207,0.6041666666666666,0.0,0.041666666666666664,0.19310344827586207,0.6
TT_T,2_1,-26,7,0.389757575822292,,1,0.3538461538461538,0.015384615384615385,0.3538461538461538,0.1,0.6076923076923076,0.0,0.03076923076923077,0.1,0.6076923076923076
TT_T,2_1,-26,7,0.3575005359421114,,2,0.3969465648854962,0.0,0.3969465648854962,0.1450381679389313,0.648854961832061,0.0,0.0,0.1450381679389313,0.648854961832061
TT_T,2_1,-26,7,0.37465185510942345,,3,0.390625,0.0078125,0.390625,0.1484375,0.6328125,0.0,0.015625,0.1484375,0.6328125
TT_T,2_1,-26,7,0.3372438511056791,,4,0.3976377952755905,0.031496062992125984,0.3976377952755905,0.14960629921259844,0.6456692913385826,0.023622047244094488,0.03937007874015748,0.14960629921259844,0.6456692913385826
TT_T,2_1,-26,7,0.3800342116427101,,5,0.375,0.027777777777777776,0.375,0.1736111111111111,0.5763888888888888,0.0,0.05555555555555555,0.1736111111111111,0.5763888888888888
TT_T,2_1,-26,8,0.36468922648699276,,1,0.3798449612403101,0.015503875968992248,0.3798449612403101,0.13953488372093023,0.6201550387596899,0.0,0.031007751937984496,0.13953488372093023,0.6201550387596899
TT_T,2_1,-26,8,0.33939074694397087,,2,0.364,0.02,0.364,0.144,0.584,0.008,0.032,0.144,0.584
TT_T,2_1,-26,8,0.3829998516094344,,3,0.40234375,0.015625,0.40234375,0.1328125,0.671875,0.0078125,0.0234375,0.1328125,0.671875
TT_T,2_1,-26,8,0.4020593904262183,,4,0.3790322580645161,0.008064516129032258,0.3790322580645161,0.13709677419354838,0.6209677419354839,0.008064516129032258,0.008064516129032258,0.13709677419354838,0.6209677419354839
TT_T,2_1,-26,8,0.37647599454325886,,5,0.36458333333333337,0.027777777777777776,0.36458333333333337,0.18055555555555555,0.5486111111111112,0.006944444444444444,0.04861111111111111,0.18055555555555555,0.5486111111111112
TT_T,2_1,-26,9,0.37094702507887345,,1,0.38306451612903225,0.016129032258064516,0.38306451612903225,0.13709677419354838,0.6290322580645161,0.0,0.03225806451612903,0.13709677419354838,0.6290322580645161
TT_T,2_1,-26,9,0.34438589231050676,,2,0.3682170542635659,0.011627906976744186,0.3682170542635659,0.13178294573643412,0.6046511627906976,0.0,0.023255813953488372,0.13178294573643412,0.6046511627906976
TT_T,2_1,-26,9,0.38885835094988974,,3,0.4193548387096774,0.008064516129032258,0.4193548387096774,0.16129032258064516,0.6774193548387096,0.0,0.016129032258064516,0.16129032258064516,0.6774193548387096
TT_T,2_1,-26,9,0.405971136963172,,4,0.3958333333333333,0.0,0.3958333333333333,0.15833333333333333,0.6333333333333333,0.0,0.0,0.15833333333333333,0.6333333333333333
TT_T,2_1,-26,9,0.3859917730588247,,5,0.36013986013986016,0.03496503496503497,0.36013986013986016,0.16083916083916083,0.5594405594405595,0.013986013986013986,0.055944055944055944,0.16083916083916083,0.5594405594405595
TT_T,2_1,-26,10,0.4162641907278518,,1,0.38095238095238093,0.023809523809523808,0.38095238095238093,0.14285714285714285,0.6190476190476191,0.0,0.047619047619047616,0.14285714285714285,0.6190476190476191
TT_T,2_1,-26,10,0.3384841992752322,,2,0.40082644628099173,0.004132231404958678,0.40082644628099173,0.1652892561983471,0.6363636363636364,0.0,0.008264462809917356,0.1652892561983471,0.6363636363636364
TT_T,2_1,-26,10,0.3778964680588329,,3,0.42519685039370075,0.011811023622047244,0.42519685039370075,0.14173228346456693,0.7086614173228346,0.007874015748031496,0.015748031496062992,0.14173228346456693,0.7086614173228346
TT_T,2_1,-26,10,0.3920284443173804,,4,0.39075630252100835,0.012605042016806723,0.39075630252100835,0.14285714285714285,0.6386554621848739,0.0,0.025210084033613446,0.14285714285714285,0.6386554621848739
TT_T,2_1,-26,10,0.39782154946572124,,5,0.3613138686131387,0.029197080291970802,0.3613138686131387,0.15328467153284672,0.5693430656934306,0.0072992700729927005,0.051094890510948905,0.15328467153284672,0.5693430656934306
TT_T,2_1,-26,11,0.39655525245206424,,1,0.3888888888888889,0.008547008547008548,0.3888888888888889,0.1794871794871795,0.5982905982905983,0.0,0.017094017094017096,0.1794871794871795,0.5982905982905983
TT_T,2_1,-26,11,0.4052391767957433,,2,0.41666666666666663,0.0125,0.41666666666666663,0.175,0.6583333333333333,0.0,0.025,0.175,0.6583333333333333
TT_T,2_1,-26,11,0.40506049214535544,,3,0.40458015267175573,0.015267175572519083,0.40458015267175573,0.1297709923664122,0.6793893129770993,0.007633587786259542,0.022900763358778626,0.1297709923664122,0.6793893129770993
TT_T,2_1,-26,11,0.36979705245006245,,4,0.39915966386554624,0.01680672268907563,0.39915966386554624,0.17647058823529413,0.6218487394957983,0.0,0.03361344537815126,0.17647058823529413,0.6218487394957983
TT_T,2_1,-26,11,0.3952089699888165,,5,0.37218045112781956,0.022556390977443608,0.37218045112781956,0.15037593984962405,0.5939849624060151,0.0,0.045112781954887216,0.15037593984962405,0.5939849624060151
TT_T,2_1,-26,12,0.37872828735886965,,1,0.41379310344827586,0.017241379310344827,0.41379310344827586,0.19827586206896552,0.6293103448275862,0.008620689655172414,0.02586206896551724,0.19827586206896552,0.6293103448275862
TT_T,2_1,-26,12,0.4220362436825944,,2,0.4273504273504274,0.017094017094017096,0.4273504273504274,0.17094017094017094,0.6837606837606838,0.0,0.03418803418803419,0.17094017094017094,0.6837606837606838
TT_T,2_1,-26,12,0.36560713712464843,,3,0.3968253968253968,0.007936507936507936,0.3968253968253968,0.16666666666666666,0.626984126984127,0.0,0.015873015873015872,0.16666666666666666,0.626984126984127
TT_T,2_1,-26,12,0.3974846228258134,,4,0.385593220338983,0.012711864406779662,0.385593220338983,0.13559322033898305,0.635593220338983,0.0,0.025423728813559324,0.13559322033898305,0.635593220338983
TT_T,2_1,-26,12,0.39736825373315765,,5,0.39097744360902253,0.022556390977443608,0.39097744360902253,0.18045112781954886,0.6015037593984962,0.0,0.045112781954887216,0.18045112781954886,0.6015037593984962
TT_T,3_1,-26,2,0.18926274315716285,,1,0.32167832167832167,0.045454545454545456,0.32167832167832167,0.1258741258741259,0.5174825174825175,0.04895104895104895,0.04195804195804196,0.1258741258741259,0.5174825174825175
TT_T,3_1,-26,2,0.19831024813592912,,2,0.35570469798657717,0.023489932885906038,0.35570469798657717,0.15436241610738255,0.5570469798657718,0.040268456375838924,0.006711409395973154,0.15436241610738255,0.5570469798657718
TT_T,3_1,-26,2,0.19008741718766098,,3,0.3153846153846154,0.038461538461538464,0.3153846153846154,0.11538461538461539,0.5153846153846153,0.023076923076923078,0.05384615384615385,0.11538461538461539,0.5153846153846153
TT_T,3_1,-26,2,0.19825153485916946,,4,0.35118006993006995,0.020906177156177156,0.3506944444444444,0.13986013986013987,0.5625,0.02097902097902098,0.020833333333333332,0.1388888888888889,0.5625
TT_T,3_1,-26,2,0.19423694585447027,,5,0.36217948717948717,0.035256410256410256,0.3639784946236559,0.16666666666666666,0.5576923076923077,0.038461538461538464,0.03205128205128205,0.16666666666666666,0.5612903225806452
TT_T,3_1,-26,3,0.27086020382262965,,1,0.3345070422535211,0.01056338028169014,0.3345070422535211,0.11267605633802817,0.5563380281690141,0.014084507042253521,0.007042253521126761,0.11267605633802817,0.5563380281690141
TT_T,3_1,-26,3,0.2348876556464614,,2,0.37435594675826533,0.01100257621296694,0.3722627737226277,0.17518248175182483,0.5735294117647058,0.0072992700729927005,0.014705882352941176,0.17518248175182483,0.5693430656934306
TT_T,3_1,-26,3,0.2530425591760136,,3,0.38257575757575757,0.015151515151515152,0.38257575757575757,0.19696969696969696,0.5681818181818182,0.015151515151515152,0.015151515151515152,0.19696969696969696,0.5681818181818182
TT_T,3_1,-26,3,0.2604346663814264,,4,0.3721532091097308,0.02520703933747412,0.3699897225077081,0.14285714285714285,0.6014492753623188,0.02142857142857143,0.028985507246376812,0.14285714285714285,0.5971223021582733
TT_T,3_1,-26,3,0.27866078166501784,,5,0.3630573248407643,0.028662420382165606,0.3630573248407643,0.1592356687898089,0.5668789808917197,0.012738853503184714,0.044585987261146494,0.1592356687898089,0.5668789808917197
TT_T,3_1,-26,4,0.2767795638837377,,1,0.36153846153846153,0.011538461538461539,0.36153846153846153,0.15384615384615385,0.5692307692307692,0.015384615384615385,0.007692307692307693,0.15384615384615385,0.5692307692307692
TT_T,3_1,-26,4,0.31842073114116076,,2,0.38489208633093525,0.007194244604316547,0.38489208633093525,0.15827338129496402,0.6115107913669064,0.0,0.014388489208633094,0.15827338129496402,0.6115107913669064
TT_T,3_1,-26,4,0.2877508936989467,,3,0.3987125441494816,0.01509627435342372,0.39406351700145886,0.1791044776119403,0.6183206106870229,0.014925373134328358,0.015267175572519083,0.1791044776119403,0.6090225563909775
TT_T,3_1,-26,4,0.3052891222310342,,4,0.3913043478260869,0.007246376811594203,0.3913043478260869,0.16666666666666666,0.6159420289855072,0.007246376811594203,0.007246376811594203,0.16666666666666666,0.6159420289855072
TT_T,3_1,-26,4,0.3102312385500545,,5,0.3823529411764706,0.013071895424836602,0.3823529411764706,0.1830065359477124,0.5816993464052288,0.0,0.026143790849673203,0.1830065359477124,0.5816993464052288
TT_T,3_1,-26,5,0.2877936300200916,,1,0.3653846153846154,0.007692307692307693,0.3653846153846154,0.13846153846153847,0.5923076923076923,0.007692307692307693,0.007692307692307693,0.13846153846153847,0.5923076923076923
TT_T,3_1,-26,5,0.33850217343090006,,2,0.36606753812636167,0.011083877995642703,0.3639705882352941,0.16176470588235295,0.5703703703703704,0.007352941176470588,0.014814814814814815,0.16176470588235295,0.5661764705882353
TT_T,3_1,-26,5,0.3055272420264442,,3,0.3893129770992366,0.015267175572519083,0.3893129770992366,0.16793893129770993,0.6106870229007634,0.007633587786259542,0.022900763358778626,0.16793893129770993,0.6106870229007634
TT_T,3_1,-26,5,0.30734007092920346,,4,0.39855072463768115,0.0036231884057971015,0.39855072463768115,0.16666666666666666,0.6304347826086957,0.0,0.007246376811594203,0.16666666666666666,0.6304347826086957
TT_T,3_1,-26,5,0.3211614488582556,,5,0.35561261922230375,0.024724871606749816,0.35189293465155536,0.1793103448275862,0.5319148936170213,0.006896551724137931,0.0425531914893617,0.1793103448275862,0.5244755244755245
TT_T,3_1,-26,6,0.28006007309902137,,1,0.38076923076923075,0.007692307692307693,0.38076923076923075,0.16923076923076924,0.5923076923076923,0.0,0.015384615384615385,0.16923076923076924,0.5923076923076923
TT_T,3_1,-26,6,0.32450651534991326,,2,0.3970588235294118,0.011029411764705883,0.3970588235294118,0.16911764705882354,0.625,0.0,0.022058823529411766,0.16911764705882354,0.625
TT_T,3_1,-26,6,0.31884682240054485,,3,0.3622047244094488,0.011811023622047244,0.3622047244094488,0.13385826771653545,0.5905511811023622,0.007874015748031496,0.015748031496062992,0.13385826771653545,0.5905511811023622
TT_T,3_1,-26,6,0.3331472907213293,,4,0.38636363636363635,0.007575757575757576,0.38636363636363635,0.1590909090909091,0.6136363636363636,0.0,0.015151515151515152,0.1590909090909091,0.6136363636363636
TT_T,3_1,-26,6,0.3453414430383428,,5,0.3882662835249042,0.024281609195402298,0.38620689655172413,0.1793103448275862,0.5972222222222222,0.006896551724137931,0.041666666666666664,0.1793103448275862,0.593103448275862
TT_T,3_1,-26,7,0.3418680940677373,,1,0.4153846153846154,0.007692307692307693,0.4153846153846154,0.17692307692307693,0.6538461538461539,0.0,0.015384615384615385,0.17692307692307693,0.6538461538461539
TT_T,3_1,-26,7,0.326563320221151,,2,0.3702290076335878,0.015267175572519083,0.3702290076335878,0.16030534351145037,0.5801526717557252,0.0,0.030534351145038167,0.16030534351145037,0.5801526717557252
TT_T,3_1,-26,7,0.34229984107220457,,3,0.3828125,0.01171875,0.3828125,0.1875,0.578125,0.0078125,0.015625,0.1875,0.578125
TT_T,3_1,-26,7,0.3110191035132379,,4,0.3779527559055118,0.011811023622047244,0.3779527559055118,0.14960629921259844,0.6062992125984252,0.0,0.023622047244094488,0.14960629921259844,0.6062992125984252
TT_T,3_1,-26,7,0.35758440044307493,,5,0.375,0.027777777777777776,0.375,0.16666666666666666,0.5833333333333334,0.006944444444444444,0.04861111111111111,0.16666666666666666,0.5833333333333334
TT_T,3_1,-26,8,0.3388671666923603,,1,0.375968992248062,0.015503875968992248,0.375968992248062,0.17054263565891473,0.5813953488372093,0.0,0.031007751937984496,0.17054263565891473,0.5813953488372093
TT_T,3_1,-26,8,0.31591192610285956,,2,0.34,0.016,0.34,0.128,0.552,0.0,0.032,0.128,0.552
TT_T,3_1,-26,8,0.34584243529612235,,3,0.41015625,0.015625,0.41015625,0.15625,0.6640625,0.0078125,0.0234375,0.15625,0.6640625
TT_T,3_1,-26,8,0.3659644258423368,,4,0.375,0.008064516129032258,0.375,0.16129032258064516,0.5887096774193549,0.0,0.016129032258064516,0.16129032258064516,0.5887096774193549
TT_T,3_1,-26,8,0.35375094583671063,,5,0.375,0.020833333333333336,0.375,0.16666666666666666,0.5833333333333334,0.006944444444444444,0.034722222222222224,0.16666666666666666,0.5833333333333334
TT_T,3_1,-26,9,0.3427076446956894,,1,0.3951612903225806,0.012096774193548387,0.3951612903225806,0.18548387096774194,0.6048387096774194,0.0,0.024193548387096774,0.18548387096774194,0.6048387096774194
TT_T,3_1,-26,9,0.31862791258042455,,2,0.3565891472868217,0.011627906976744186,0.3565891472868217,0.15503875968992248,0.5581395348837209,0.0,0.023255813953488372,0.15503875968992248,0.5581395348837209
TT_T,3_1,-26,9,0.34961793840587474,,3,0.41129032258064513,0.016129032258064516,0.41129032258064513,0.1693548387096774,0.6532258064516129,0.008064516129032258,0.024193548387096774,0.1693548387096774,0.6532258064516129
TT_T,3_1,-26,9,0.3703634920053266,,4,0.37916666666666665,0.004166666666666667,0.37916666666666665,0.19166666666666668,0.5666666666666667,0.0,0.008333333333333333,0.19166666666666668,0.5666666666666667
TT_T,3_1,-26,9,0.3626526309158793,,5,0.35664335664335667,0.02097902097902098,0.35664335664335667,0.15384615384615385,0.5594405594405595,0.0,0.04195804195804196,0.15384615384615385,0.5594405594405595
TT_T,3_1,-26,10,0.36474171960874224,,1,0.4166666666666667,0.015873015873015872,0.4166666666666667,0.18253968253968253,0.6507936507936508,0.007936507936507936,0.023809523809523808,0.18253968253968253,0.6507936507936508
TT_T,3_1,-26,10,0.32233910292530965,,2,0.3801652892561983,0.008264462809917356,0.3801652892561983,0.18181818181818182,0.5785123966942148,0.0,0.01652892561983471,0.18181818181818182,0.5785123966942148
TT_T,3_1,-26,10,0.3465327980085665,,3,0.40157480314960625,0.011811023622047244,0.40157480314960625,0.15748031496062992,0.6456692913385826,0.0,0.023622047244094488,0.15748031496062992,0.6456692913385826
TT_T,3_1,-26,10,0.3582115157757356,,4,0.3949579831932773,0.008403361344537815,0.3949579831932773,0.226890756302521,0.5630252100840336,0.0,0.01680672268907563,0.226890756302521,0.5630252100840336
TT_T,3_1,-26,10,0.3765508631347806,,5,0.3686131386861314,0.014598540145985401,0.3686131386861314,0.17518248175182483,0.5620437956204379,0.0,0.029197080291970802,0.17518248175182483,0.5620437956204379
TT_T,3_1,-26,11,0.3628293079400319,,1,0.4230769230769231,0.008547008547008548,0.4230769230769231,0.19658119658119658,0.6495726495726496,0.0,0.017094017094017096,0.19658119658119658,0.6495726495726496
TT_T,3_1,-26,11,0.3708152472015218,,2,0.42500000000000004,0.025,0.42500000000000004,0.20833333333333334,0.6416666666666667,0.0,0.05,0.20833333333333334,0.6416666666666667
TT_T,3_1,-26,11,0.358423414513506,,3,0.3702290076335878,0.015267175572519083,0.3724897240164416,0.15267175572519084,0.5877862595419847,0.0,0.030534351145038167,0.15267175572519084,0.5923076923076923
TT_T,3_1,-26,11,0.34168549614228394,,4,0.35714285714285715,0.008403361344537815,0.35714285714285715,0.19327731092436976,0.5210084033613446,0.0,0.01680672268907563,0.19327731092436976,0.5210084033613446
TT_T,3_1,-26,11,0.3733136888811295,,5,0.37969924812030076,0.011278195488721804,0.37969924812030076,0.18045112781954886,0.5789473684210527,0.0,0.022556390977443608,0.18045112781954886,0.5789473684210527
TT_T,3_1,-26,12,0.3477753455970721,,1,0.4094827586206896,0.004310344827586207,0.4094827586206896,0.21551724137931033,0.603448275862069,0.0,0.008620689655172414,0.21551724137931033,0.603448275862069
TT_T,3_1,-26,12,0.38320262752601797,,2,0.4145299145299145,0.017094017094017096,0.4145299145299145,0.19658119658119658,0.6324786324786325,0.0,0.03418803418803419,0.19658119658119658,0.6324786324786325
TT_T,3_1,-26,12,0.3303653172301675,,3,0.373015873015873,0.007936507936507936,0.3753333333333333,0.16666666666666666,0.5793650793650794,0.0,0.015873015873015872,0.16666666666666666,0.584
TT_T,3_1,-26,12,0.3654786645091661,,4,0.38983050847457623,0.012711864406779662,0.38983050847457623,0.1864406779661017,0.5932203389830508,0.0,0.025423728813559324,0.1864406779661017,0.5932203389830508
TT_T,3_1,-26,12,0.375784640562132,,5,0.3721804511278195,0.022556390977443608,0.3721804511278195,0.18796992481203006,0.556390977443609,0.0,0.045112781954887216,0.18796992481203006,0.556390977443609
TT_T,2_2,-26,2,0.2061473167421356,,1,0.3671328671328671,0.038461538461538464,0.3671328671328671,0.13286713286713286,0.6013986013986014,0.03496503496503497,0.04195804195804196,0.13286713286713286,0.6013986013986014
TT_T,2_2,-26,2,0.2201765135187137,,2,0.36912751677852346,0.02348993288590604,0.36912751677852346,0.10738255033557047,0.6308724832214765,0.026845637583892617,0.020134228187919462,0.10738255033557047,0.6308724832214765
TT_T,2_2,-26,2,0.21624411307775437,,3,0.3423076923076923,0.023076923076923078,0.3423076923076923,0.12307692307692308,0.5615384615384615,0.015384615384615385,0.03076923076923077,0.12307692307692308,0.5615384615384615
TT_T,2_2,-26,2,0.21461371160386655,,4,0.3958333333333333,0.03819444444444445,0.3958333333333333,0.13194444444444445,0.6597222222222222,0.034722222222222224,0.041666666666666664,0.13194444444444445,0.6597222222222222
TT_T,2_2,-26,2,0.2158615370112491,,5,0.3557692307692307,0.041666666666666664,0.3557692307692307,0.14102564102564102,0.5705128205128205,0.03205128205128205,0.05128205128205128,0.14102564102564102,0.5705128205128205
TT_T,2_2,-26,3,0.31429262779664824,,1,0.37676056338028174,0.017605633802816902,0.37676056338028174,0.1267605633802817,0.6267605633802817,0.014084507042253521,0.02112676056338028,0.1267605633802817,0.6267605633802817
TT_T,2_2,-26,3,0.25739003282623696,,2,0.38184306569343063,0.018355517389437526,0.3795620437956204,0.1386861313868613,0.625,0.0072992700729927005,0.029411764705882353,0.1386861313868613,0.6204379562043796
TT_T,2_2,-26,3,0.28073500319324673,,3,0.3939393939393939,0.022727272727272728,0.3939393939393939,0.15151515151515152,0.6363636363636364,0.015151515151515152,0.030303030303030304,0.15151515151515152,0.6363636363636364
TT_T,2_2,-26,3,0.29023817791991224,,4,0.415631469979296,0.014389233954451346,0.4107142857142857,0.14285714285714285,0.6884057971014492,0.014285714285714285,0.014492753623188406,0.14285714285714285,0.6785714285714286
TT_T,2_2,-26,3,0.29080441567268145,,5,0.36942675159235666,0.02229299363057325,0.36942675159235666,0.1592356687898089,0.5796178343949044,0.012738853503184714,0.03184713375796178,0.1592356687898089,0.5796178343949044
TT_T,2_2,-26,4,0.30004927973796114,,1,0.3730769230769231,0.023076923076923078,0.3730769230769231,0.13846153846153847,0.6076923076923076,0.007692307692307693,0.038461538461538464,0.13846153846153847,0.6076923076923076
TT_T,2_2,-26,4,0.34601335736195726,,2,0.37769784172661874,0.01079136690647482,0.37769784172661874,0.1366906474820144,0.6187050359712231,0.007194244604316547,0.014388489208633094,0.1366906474820144,0.6187050359712231
TT_T,2_2,-26,4,0.3257308891955101,,3,0.37013794663048394,0.015094979647218454,0.3656716417910448,0.1417910447761194,0.5984848484848485,0.007462686567164179,0.022727272727272728,0.1417910447761194,0.5895522388059702
TT_T,2_2,-26,4,0.3304861665890513,,4,0.40942028985507245,0.018115942028985508,0.40942028985507245,0.15217391304347827,0.6666666666666666,0.014492753623188406,0.021739130434782608,0.15217391304347827,0.6666666666666666
TT_T,2_2,-26,4,0.33156875487703497,,5,0.3678835569315445,0.023026315789473683,0.3660130718954248,0.16339869281045752,0.5723684210526315,0.0,0.046052631578947366,0.16339869281045752,0.5686274509803921
TT_T,2_2,-26,5,0.3180166237213651,,1,0.3538461538461538,0.023076923076923078,0.3538461538461538,0.1,0.6076923076923076,0.015384615384615385,0.03076923076923077,0.1,0.6076923076923076
TT_T,2_2,-26,5,0.36580870158321044,,2,0.38235294117647056,0.007352941176470588,0.38235294117647056,0.125,0.6397058823529411,0.007352941176470588,0.007352941176470588,0.125,0.6397058823529411
TT_T,2_2,-26,5,0.3433375859847103,,3,0.35877862595419846,0.011450381679389313,0.35877862595419846,0.13740458015267176,0.5801526717557252,0.007633587786259542,0.015267175572519083,0.13740458015267176,0.5801526717557252
TT_T,2_2,-26,5,0.34226260536085396,,4,0.4202898550724638,0.014492753623188406,0.4202898550724638,0.18115942028985507,0.6594202898550725,0.0,0.028985507246376812,0.18115942028985507,0.6594202898550725
TT_T,2_2,-26,5,0.3493067366455529,,5,0.38432150831059286,0.025179856115107913,0.37241379310344824,0.19310344827586207,0.5755395683453237,0.0,0.050359712230215826,0.19310344827586207,0.5517241379310345
TT_T,2_2,-26,6,0.30999543722108946,,1,0.35769230769230764,0.023076923076923078,0.35769230769230764,0.1076923076923077,0.6076923076923076,0.015384615384615385,0.03076923076923077,0.1076923076923077,0.6076923076923076
TT_T,2_2,-26,6,0.367290522114216,,2,0.4007352941176471,0.007352941176470588,0.4007352941176471,0.125,0.6764705882352942,0.007352941176470588,0.007352941176470588,0.125,0.6764705882352942
TT_T,2_2,-26,6,0.3605527918410538,,3,0.35433070866141736,0.003937007874015748,0.35433070866141736,0.11023622047244094,0.5984251968503937,0.0,0.007874015748031496,0.11023622047244094,0.5984251968503937
TT_T,2_2,-26,6,0.3836811113425658,,4,0.41666666666666663,0.015151515151515152,0.41666666666666663,0.17424242424242425,0.6590909090909091,0.0,0.030303030303030304,0.17424242424242425,0.6590909090909091
TT_T,2_2,-26,6,0.3672423487163484,,5,0.3986350574712644,0.020833333333333332,0.39655172413793105,0.19310344827586207,0.6041666666666666,0.0,0.041666666666666664,0.19310344827586207,0.6
TT_T,2_2,-26,7,0.39152972244368667,,1,0.35769230769230764,0.019230769230769232,0.35769230769230764,0.1076923076923077,0.6076923076923076,0.0,0.038461538461538464,0.1076923076923077,0.6076923076923076
TT_T,2_2,-26,7,0.35836800101162924,,2,0.40076335877862596,0.0,0.40076335877862596,0.15267175572519084,0.648854961832061,0.0,0.0,0.15267175572519084,0.648854961832061
TT_T,2_2,-26,7,0.37528448799940306,,3,0.38671875,0.0078125,0.38671875,0.140625,0.6328125,0.0,0.015625,0.140625,0.6328125
TT_T,2_2,-26,7,0.3373121684368574,,4,0.40157480314960625,0.031496062992125984,0.40157480314960625,0.15748031496062992,0.6456692913385826,0.023622047244094488,0.03937007874015748,0.15748031496062992,0.6456692913385826
TT_T,2_2,-26,7,0.38042942644631794,,5,0.36458333333333337,0.027777777777777776,0.36458333333333337,0.1736111111111111,0.5555555555555556,0.0,0.05555555555555555,0.1736111111111111,0.5555555555555556
TT_T,2_2,-26,8,0.3657307238080406,,1,0.3682170542635659,0.027131782945736434,0.3682170542635659,0.12403100775193798,0.6124031007751938,0.007751937984496124,0.046511627906976744,0.12403100775193798,0.6124031007751938
TT_T,2_2,-26,8,0.3390974811329569,,2,0.36,0.02,0.36,0.136,0.584,0.008,0.032,0.136,0.584
TT_T,2_2,-26,8,0.383885814643238,,3,0.41796875,0.015625,0.41796875,0.1484375,0.6875,0.0078125,0.0234375,0.1484375,0.6875
TT_T,2_2,-26,8,0.40331773035431173,,4,0.38306451612903225,0.008064516129032258,0.38306451612903225,0.14516129032258066,0.6209677419354839,0.008064516129032258,0.008064516129032258,0.14516129032258066,0.6209677419354839
TT_T,2_2,-26,8,0.3767813217620998,,5,0.36458333333333337,0.027777777777777776,0.36458333333333337,0.18055555555555555,0.5486111111111112,0.006944444444444444,0.04861111111111111,0.18055555555555555,0.5486111111111112
TT_T,2_2,-26,9,0.37208511191021054,,1,0.375,0.024193548387096774,0.375,0.12903225806451613,0.6209677419354839,0.008064516129032258,0.04032258064516129,0.12903225806451613,0.6209677419354839
TT_T,2_2,-26,9,0.3442946164207784,,2,0.35271317829457366,0.011627906976744186,0.35271317829457366,0.11627906976744186,0.5891472868217055,0.0,0.023255813953488372,0.11627906976744186,0.5891472868217055
TT_T,2_2,-26,9,0.38992385126301743,,3,0.42741935483870963,0.008064516129032258,0.42741935483870963,0.1693548387096774,0.6854838709677419,0.0,0.016129032258064516,0.1693548387096774,0.6854838709677419
TT_T,2_2,-26,9,0.40731238508644285,,4,0.4,0.0,0.4,0.15833333333333333,0.6416666666666667,0.0,0.0,0.15833333333333333,0.6416666666666667
TT_T,2_2,-26,9,0.38622545992402635,,5,0.3566433566433566,0.03496503496503497,0.3566433566433566,0.16083916083916083,0.5524475524475524,0.013986013986013986,0.055944055944055944,0.16083916083916083,0.5524475524475524
TT_T,2_2,-26,10,0.41852315060472745,,1,0.39285714285714285,0.027777777777777776,0.39285714285714285,0.15873015873015872,0.626984126984127,0.0,0.05555555555555555,0.15873015873015872,0.626984126984127
TT_T,2_2,-26,10,0.3373876369876553,,2,0.39669421487603307,0.004132231404958678,0.39669421487603307,0.1652892561983471,0.628099173553719,0.0,0.008264462809917356,0.1652892561983471,0.628099173553719
TT_T,2_2,-26,10,0.3784286207459052,,3,0.4291338582677165,0.007874015748031496,0.4291338582677165,0.14173228346456693,0.7165354330708661,0.0,0.015748031496062992,0.14173228346456693,0.7165354330708661
TT_T,2_2,-26,10,0.39335429444001635,,4,0.39915966386554624,0.012605042016806723,0.39915966386554624,0.14285714285714285,0.6554621848739496,0.0,0.025210084033613446,0.14285714285714285,0.6554621848739496
TT_T,2_2,-26,10,0.3980580321202649,,5,0.35036496350364965,0.029197080291970802,0.35036496350364965,0.145985401459854,0.5547445255474452,0.0072992700729927005,0.051094890510948905,0.145985401459854,0.5547445255474452
TT_T,2_2,-26,11,0.3979104756195727,,1,0.38461538461538464,0.01282051282051282,0.38461538461538464,0.1794871794871795,0.5897435897435898,0.0,0.02564102564102564,0.1794871794871795,0.5897435897435898
TT_T,2_2,-26,11,0.4061151874586155,,2,0.4208333333333333,0.0125,0.4208333333333333,0.175,0.6666666666666666,0.0,0.025,0.175,0.6666666666666666
TT_T,2_2,-26,11,0.40598647428429446,,3,0.4122137404580153,0.015267175572519083,0.4122137404580153,0.1297709923664122,0.6946564885496184,0.007633587786259542,0.022900763358778626,0.1297709923664122,0.6946564885496184
TT_T,2_2,-26,11,0.36980862913281554,,4,0.39915966386554624,0.01680672268907563,0.39915966386554624,0.17647058823529413,0.6218487394957983,0.0,0.03361344537815126,0.17647058823529413,0.6218487394957983
TT_T,2_2,-26,11,0.3956526862760493,,5,0.3834586466165414,0.022556390977443608,0.3834586466165414,0.15789473684210525,0.6090225563909775,0.0,0.045112781954887216,0.15789473684210525,0.6090225563909775
TT_T,2_2,-26,12,0.37935522545043665,,1,0.41379310344827586,0.021551724137931036,0.41379310344827586,0.20689655172413793,0.6206896551724138,0.008620689655172414,0.034482758620689655,0.20689655172413793,0.6206896551724138
TT_T,2_2,-26,12,0.42314465410972435,,2,0.4145299145299145,0.017094017094017096,0.4145299145299145,0.17094017094017094,0.6581196581196581,0.0,0.03418803418803419,0.17094017094017094,0.6581196581196581
TT_T,2_2,-26,12,0.36505995084172094,,3,0.3968253968253968,0.007936507936507936,0.3968253968253968,0.16666666666666666,0.626984126984127,0.0,0.015873015873015872,0.16666666666666666,0.626984126984127
TT_T,2_2,-26,12,0.39851102492228985,,4,0.38983050847457623,0.012711864406779662,0.38983050847457623,0.13559322033898305,0.6440677966101694,0.0,0.025423728813559324,0.13559322033898305,0.6440677966101694
TT_T,2_2,-26,12,0.3975729012285719,,5,0.38345864661654133,0.022556390977443608,0.38345864661654133,0.18045112781954886,0.5864661654135338,0.0,0.045112781954887216,0.18045112781954886,0.5864661654135338
TT_T,3_2,-26,2,0.18883008182080596,,1,0.32867132867132864,0.038461538461538464,0.32867132867132864,0.1258741258741259,0.5314685314685315,0.04195804195804196,0.03496503496503497,0.1258741258741259,0.5314685314685315
TT_T,3_2,-26,2,0.1937670026800733,,2,0.35570469798657717,0.02348993288590604,0.35570469798657717,0.15436241610738255,0.5570469798657718,0.03355704697986577,0.013422818791946308,0.15436241610738255,0.5570469798657718
TT_T,3_2,-26,2,0.18892124183272097,,3,0.3153846153846154,0.03461538461538462,0.3153846153846154,0.12307692307692308,0.5076923076923077,0.015384615384615385,0.05384615384615385,0.12307692307692308,0.5076923076923077
TT_T,3_2,-26,2,0.19468975592911375,,4,0.34375,0.027777777777777776,0.34375,0.1388888888888889,0.5486111111111112,0.027777777777777776,0.027777777777777776,0.1388888888888889,0.5486111111111112
TT_T,3_2,-26,2,0.19217081388673918,,5,0.3717948717948718,0.035256410256410256,0.3717948717948718,0.1858974358974359,0.5576923076923077,0.03205128205128205,0.038461538461538464,0.1858974358974359,0.5576923076923077
TT_T,3_2,-26,3,0.26435996382038784,,1,0.3345070422535211,0.01056338028169014,0.3345070422535211,0.11971830985915492,0.5492957746478874,0.014084507042253521,0.007042253521126761,0.11971830985915492,0.5492957746478874
TT_T,3_2,-26,3,0.23363985061448278,,2,0.38170888793473595,0.01100257621296694,0.3795620437956204,0.17518248175182483,0.5882352941176471,0.0072992700729927005,0.014705882352941176,0.17518248175182483,0.583941605839416
TT_T,3_2,-26,3,0.24982776493664138,,3,0.3787878787878788,0.015151515151515152,0.3787878787878788,0.19696969696969696,0.5606060606060606,0.015151515151515152,0.015151515151515152,0.19696969696969696,0.5606060606060606
TT_T,3_2,-26,3,0.2560730976220442,,4,0.37572463768115943,0.02158385093167702,0.37142857142857144,0.15,0.6014492753623188,0.02142857142857143,0.021739130434782608,0.15,0.5928571428571429
TT_T,3_2,-26,3,0.27744943000315103,,5,0.36942675159235666,0.028662420382165606,0.36942675159235666,0.16560509554140126,0.5732484076433121,0.012738853503184714,0.044585987261146494,0.16560509554140126,0.5732484076433121
TT_T,3_2,-26,4,0.27611115856323953,,1,0.3384615384615385,0.011538461538461539,0.3384615384615385,0.14615384615384616,0.5307692307692308,0.015384615384615385,0.007692307692307693,0.14615384615384616,0.5307692307692308
TT_T,3_2,-26,4,0.3117725419039319,,2,0.3920863309352518,0.0035971223021582736,0.3920863309352518,0.16546762589928057,0.6187050359712231,0.0,0.007194244604316547,0.16546762589928057,0.6187050359712231
TT_T,3_2,-26,4,0.283869063444797,,3,0.3924694708276798,0.015038444142921756,0.3880597014925373,0.19402985074626866,0.5909090909090909,0.014925373134328358,0.015151515151515152,0.19402985074626866,0.582089552238806
TT_T,3_2,-26,4,0.30148905824268346,,4,0.39855072463768115,0.007246376811594203,0.39855072463768115,0.16666666666666666,0.6304347826086957,0.007246376811594203,0.007246376811594203,0.16666666666666666,0.6304347826086957
TT_T,3_2,-26,4,0.30815100577483634,,5,0.39080237358101133,0.01971534227726178,0.3888888888888889,0.19607843137254902,0.5855263157894737,0.006535947712418301,0.03289473684210526,0.19607843137254902,0.5816993464052288
TT_T,3_2,-26,5,0.2870234046656003,,1,0.34615384615384615,0.007692307692307693,0.34615384615384615,0.12307692307692308,0.5692307692307692,0.007692307692307693,0.007692307692307693,0.12307692307692308,0.5692307692307692
TT_T,3_2,-26,5,0.33187009770634024,,2,0.37347494553376903,0.011083877995642703,0.3713235294117647,0.16176470588235295,0.5851851851851851,0.007352941176470588,0.014814814814814815,0.16176470588235295,0.5808823529411765
TT_T,3_2,-26,5,0.3013822778684915,,3,0.4083969465648855,0.015267175572519083,0.4083969465648855,0.1984732824427481,0.6183206106870229,0.007633587786259542,0.022900763358778626,0.1984732824427481,0.6183206106870229
TT_T,3_2,-26,5,0.30342003887765745,,4,0.40942028985507245,0.0036231884057971015,0.40942028985507245,0.18115942028985507,0.6376811594202898,0.0,0.007246376811594203,0.18115942028985507,0.6376811594202898
TT_T,3_2,-26,5,0.3182256990391006,,5,0.3730496453900709,0.035265346050379065,0.36736111111111114,0.2,0.5460992907801419,0.013793103448275862,0.05673758865248227,0.2,0.5347222222222222
TT_T,3_2,-26,6,0.28001628877786644,,1,0.3730769230769231,0.011538461538461539,0.3730769230769231,0.16153846153846155,0.5846153846153846,0.007692307692307693,0.015384615384615385,0.16153846153846155,0.5846153846153846
TT_T,3_2,-26,6,0.31857195742474786,,2,0.3933823529411765,0.011029411764705883,0.3933823529411765,0.16911764705882354,0.6176470588235294,0.0,0.022058823529411766,0.16911764705882354,0.6176470588235294
TT_T,3_2,-26,6,0.3149762253929861,,3,0.37401574803149606,0.007874015748031496,0.37401574803149606,0.15748031496062992,0.5905511811023622,0.0,0.015748031496062992,0.15748031496062992,0.5905511811023622
TT_T,3_2,-26,6,0.3267240204951789,,4,0.3787878787878788,0.007575757575757576,0.3787878787878788,0.16666666666666666,0.5909090909090909,0.0,0.015151515151515152,0.16666666666666666,0.5909090909090909
TT_T,3_2,-26,6,0.34334470431815023,,5,0.3847701149425288,0.031202107279693487,0.3827586206896552,0.18620689655172415,0.5833333333333334,0.013793103448275862,0.04861111111111111,0.18620689655172415,0.5793103448275863
TT_T,3_2,-26,7,0.33552893137433537,,1,0.4,0.007692307692307693,0.4,0.17692307692307693,0.6230769230769231,0.0,0.015384615384615385,0.17692307692307693,0.6230769230769231
TT_T,3_2,-26,7,0.32257847215213153,,2,0.3702290076335878,0.011450381679389313,0.3702290076335878,0.1450381679389313,0.5954198473282443,0.0,0.022900763358778626,0.1450381679389313,0.5954198473282443
TT_T,3_2,-26,7,0.33873924854310333,,3,0.390625,0.0078125,0.390625,0.21875,0.5625,0.0,0.015625,0.21875,0.5625
TT_T,3_2,-26,7,0.3095622550251321,,4,0.37401574803149606,0.011811023622047244,0.37401574803149606,0.15748031496062992,0.5905511811023622,0.0,0.023622047244094488,0.15748031496062992,0.5905511811023622
TT_T,3_2,-26,7,0.3552767209292137,,5,0.375,0.03125,0.375,0.1736111111111111,0.5763888888888888,0.006944444444444444,0.05555555555555555,0.1736111111111111,0.5763888888888888
TT_T,3_2,-26,8,0.334899410003072,,1,0.37209302325581395,0.015503875968992248,0.37209302325581395,0.14728682170542637,0.5968992248062015,0.0,0.031007751937984496,0.14728682170542637,0.5968992248062015
TT_T,3_2,-26,8,0.3153059324814561,,2,0.34800000000000003,0.016,0.34800000000000003,0.16,0.536,0.0,0.032,0.16,0.536
TT_T,3_2,-26,8,0.341821107819285,,3,0.40625,0.01171875,0.40625,0.171875,0.640625,0.0,0.0234375,0.171875,0.640625
TT_T,3_2,-26,8,0.36047048318682084,,4,0.38306451612903225,0.008064516129032258,0.38306451612903225,0.16129032258064516,0.6048387096774194,0.0,0.016129032258064516,0.16129032258064516,0.6048387096774194
TT_T,3_2,-26,8,0.35181535243573814,,5,0.3680555555555555,0.024305555555555552,0.3680555555555555,0.16666666666666666,0.5694444444444444,0.006944444444444444,0.041666666666666664,0.16666666666666666,0.5694444444444444
TT_T,3_2,-26,9,0.33805452376614376,,1,0.38306451612903225,0.012096774193548387,0.38306451612903225,0.1693548387096774,0.5967741935483871,0.0,0.024193548387096774,0.1693548387096774,0.5967741935483871
TT_T,3_2,-26,9,0.3170968454301668,,2,0.3527131782945736,0.007751937984496124,0.3527131782945736,0.16279069767441862,0.5426356589147286,0.0,0.015503875968992248,0.16279069767441862,0.5426356589147286
TT_T,3_2,-26,9,0.3447714852599084,,3,0.41532258064516125,0.008064516129032258,0.41532258064516125,0.18548387096774194,0.6451612903225806,0.0,0.016129032258064516,0.18548387096774194,0.6451612903225806
TT_T,3_2,-26,9,0.3644079681319198,,4,0.3958333333333333,0.004166666666666667,0.3958333333333333,0.18333333333333332,0.6083333333333333,0.0,0.008333333333333333,0.18333333333333332,0.6083333333333333
TT_T,3_2,-26,9,0.36063367286621884,,5,0.3566433566433566,0.027972027972027972,0.3566433566433566,0.16783216783216784,0.5454545454545454,0.006993006993006993,0.04895104895104895,0.16783216783216784,0.5454545454545454
TT_T,3_2,-26,10,0.35571909538093227,,1,0.4126984126984127,0.003968253968253968,0.4126984126984127,0.1746031746031746,0.6507936507936508,0.0,0.007936507936507936,0.1746031746031746,0.6507936507936508
TT_T,3_2,-26,10,0.32418596423568,,2,0.3595041322314049,0.008264462809917356,0.3595041322314049,0.17355371900826447,0.5454545454545454,0.0,0.01652892561983471,0.17355371900826447,0.5454545454545454
TT_T,3_2,-26,10,0.3429960143707407,,3,0.41338582677165353,0.011811023622047244,0.41338582677165353,0.18110236220472442,0.6456692913385826,0.0,0.023622047244094488,0.18110236220472442,0.6456692913385826
TT_T,3_2,-26,10,0.3525544314962674,,4,0.3739495798319328,0.008403361344537815,0.3739495798319328,0.18487394957983194,0.5630252100840336,0.0,0.01680672268907563,0.18487394957983194,0.5630252100840336
TT_T,3_2,-26,10,0.3745819486805262,,5,0.36496350364963503,0.025547445255474453,0.36496350364963503,0.18248175182481752,0.5474452554744526,0.0072992700729927005,0.043795620437956206,0.18248175182481752,0.5474452554744526
TT_T,3_2,-26,11,0.3567415065995745,,1,0.4017094017094017,0.008547008547008548,0.4017094017094017,0.18803418803418803,0.6153846153846154,0.0,0.017094017094017096,0.18803418803418803,0.6153846153846154
TT_T,3_2,-26,11,0.3662287690055622,,2,0.4208333333333334,0.016666666666666666,0.4208333333333334,0.2,0.6416666666666667,0.0,0.03333333333333333,0.2,0.6416666666666667
TT_T,3_2,-26,11,0.35354278299886366,,3,0.36641221374045796,0.015267175572519083,0.3686142102172636,0.16030534351145037,0.5725190839694656,0.0,0.030534351145038167,0.16030534351145037,0.5769230769230769
TT_T,3_2,-26,11,0.3402942611286841,,4,0.3739495798319328,0.008403361344537815,0.3739495798319328,0.18487394957983194,0.5630252100840336,0.0,0.01680672268907563,0.18487394957983194,0.5630252100840336
TT_T,3_2,-26,11,0.3706801822315836,,5,0.37593984962406013,0.022556390977443608,0.37593984962406013,0.18796992481203006,0.5639097744360902,0.007518796992481203,0.03759398496240601,0.18796992481203006,0.5639097744360902
TT_T,3_2,-26,12,0.3443349285877201,,1,0.41379310344827586,0.004310344827586207,0.41379310344827586,0.20689655172413793,0.6206896551724138,0.0,0.008620689655172414,0.20689655172413793,0.6206896551724138
TT_T,3_2,-26,12,0.3780204918320953,,2,0.41025641025641024,0.017094017094017096,0.41025641025641024,0.19658119658119658,0.6239316239316239,0.0,0.03418803418803419,0.19658119658119658,0.6239316239316239
TT_T,3_2,-26,12,0.32982522071246956,,3,0.36904761904761907,0.007936507936507936,0.37130158730158724,0.1746031746031746,0.5634920634920635,0.0,0.015873015873015872,0.1746031746031746,0.568
TT_T,3_2,-26,12,0.3609306800345492,,4,0.3813559322033898,0.00847457627118644,0.3813559322033898,0.17796610169491525,0.5847457627118644,0.0,0.01694915254237288,0.17796610169491525,0.5847457627118644
TT_T,3_2,-26,12,0.3739834442701969,,5,0.3834586466165414,0.02631578947368421,0.3834586466165414,0.20300751879699247,0.5639097744360902,0.007518796992481203,0.045112781954887216,0.20300751879699247,0.5639097744360902
